<?xml version="1.0" encoding="UTF-8"?><record_update sys_domain="global" table="sys_ux_page_property">
    <sys_ux_page_property action="DELETE">
        <choices/>
        <description/>
        <name>chrome_toolbar</name>
        <page display_value="from UIB">2fcea04e1bc4d110b00dddf6b04bcb5b</page>
        <required_translations/>
        <route/>
        <suffix/>
        <sys_class_name>sys_ux_page_property</sys_class_name>
        <sys_created_by>Marc.Mouries</sys_created_by>
        <sys_created_on>2022-06-14 00:28:42</sys_created_on>
        <sys_domain>global</sys_domain>
        <sys_domain_path>global</sys_domain_path>
        <sys_id>f24fe44e1bc4d110b00dddf6b04bcb16</sys_id>
        <sys_mod_count>1</sys_mod_count>
        <sys_name>chrome_toolbar</sys_name>
        <sys_package display_value="UIB Examples" source="x_snc_uib_examples">a0a606201b0f8510ce2b6579b04bcb65</sys_package>
        <sys_policy/>
        <sys_scope display_value="UIB Examples">a0a606201b0f8510ce2b6579b04bcb65</sys_scope>
        <sys_update_name>sys_ux_page_property_f24fe44e1bc4d110b00dddf6b04bcb16</sys_update_name>
        <sys_updated_by>Marc.Mouries</sys_updated_by>
        <sys_updated_on>2022-06-14 00:28:42</sys_updated_on>
        <type>string</type>
        <unique_name>x_snc_uib_examples.2fcea04e1bc4d110b00dddf6b04bcb5b.root.chrome_toolbar</unique_name>
        <value>[{"id":"new-page","label":{"translatable":true,"message":"Requests"},"order":100,"icon":"add-item-above-fill","routeInfo":{"route":"new-page"},"group":"","badge":{},"presence":{},"availability":{}}]</value>
    </sys_ux_page_property>
    <sys_translated_text action="DELETE" query="documentkey=f24fe44e1bc4d110b00dddf6b04bcb16"/>
<sys_update_version action="INSERT_OR_UPDATE">
        <action>DELETE</action>
        <application display_value="UIB Examples">a0a606201b0f8510ce2b6579b04bcb65</application>
        <file_path/>
        <instance_id>1d68f923dbbe199407072f17d496199e</instance_id>
        <instance_name>appengine4govdemo</instance_name>
        <name>sys_ux_page_property_f24fe44e1bc4d110b00dddf6b04bcb16</name>
        <payload><![CDATA[<?xml version="1.0" encoding="UTF-8"?><record_update sys_domain="global" table="sys_ux_page_property">
    <sys_ux_page_property action="INSERT_OR_UPDATE">
        <choices/>
        <description/>
        <name>chrome_toolbar</name>
        <page display_value="from UIB">2fcea04e1bc4d110b00dddf6b04bcb5b</page>
        <required_translations/>
        <route/>
        <suffix/>
        <sys_class_name>sys_ux_page_property</sys_class_name>
        <sys_created_by>Marc.Mouries</sys_created_by>
        <sys_created_on>2022-06-14 00:28:42</sys_created_on>
        <sys_domain>global</sys_domain>
        <sys_domain_path>global</sys_domain_path>
        <sys_id>f24fe44e1bc4d110b00dddf6b04bcb16</sys_id>
        <sys_mod_count>1</sys_mod_count>
        <sys_name>chrome_toolbar</sys_name>
        <sys_package display_value="UIB Examples" source="x_snc_uib_examples">a0a606201b0f8510ce2b6579b04bcb65</sys_package>
        <sys_policy/>
        <sys_scope display_value="UIB Examples">a0a606201b0f8510ce2b6579b04bcb65</sys_scope>
        <sys_update_name>sys_ux_page_property_f24fe44e1bc4d110b00dddf6b04bcb16</sys_update_name>
        <sys_updated_by>Marc.Mouries</sys_updated_by>
        <sys_updated_on>2022-06-14 00:28:42</sys_updated_on>
        <type>string</type>
        <unique_name>x_snc_uib_examples.2fcea04e1bc4d110b00dddf6b04bcb5b.root.chrome_toolbar</unique_name>
        <value>[{"id":"new-page","label":{"translatable":true,"message":"Requests"},"order":100,"icon":"add-item-above-fill","routeInfo":{"route":"new-page"},"group":"","badge":{},"presence":{},"availability":{}}]</value>
    </sys_ux_page_property>
    <sys_translated_text action="delete_multiple" query="documentkey=f24fe44e1bc4d110b00dddf6b04bcb16"/>
</record_update>]]></payload>
        <payload_hash>1872948034</payload_hash>
        <record_name>chrome_toolbar</record_name>
        <reverted_from/>
        <source>02bc5dce470169501706c328436d434b</source>
        <source_table>sys_upgrade_history</source_table>
        <state>previous</state>
        <sys_created_by>Marc.Mouries</sys_created_by>
        <sys_created_on>2023-02-17 17:01:31</sys_created_on>
        <sys_id>4cdcd502474169501706c328436d43ed</sys_id>
        <sys_mod_count>0</sys_mod_count>
        <sys_recorded_at>1866052e8630000001</sys_recorded_at>
        <sys_updated_by>Marc.Mouries</sys_updated_by>
        <sys_updated_on>2023-02-17 17:01:31</sys_updated_on>
        <type>UX Page Property</type>
        <update_guid>0cdcd50270416950d700ee2ff44c47ed</update_guid>
        <update_guid_history>0cdcd50270416950d700ee2ff44c47ed:1872948034</update_guid_history>
    </sys_update_version>
    <sys_metadata_delete action="INSERT_OR_UPDATE">
        <sys_audit_delete/>
        <sys_class_name>sys_metadata_delete</sys_class_name>
        <sys_created_by>Marc.Mouries</sys_created_by>
        <sys_created_on>2023-09-27 13:26:53</sys_created_on>
        <sys_db_object display_value="" name="sys_ux_page_property">sys_ux_page_property</sys_db_object>
        <sys_id>0c30edee285c4a688cdaea806c6a2e40</sys_id>
        <sys_metadata>f24fe44e1bc4d110b00dddf6b04bcb16</sys_metadata>
        <sys_mod_count>0</sys_mod_count>
        <sys_name>chrome_toolbar</sys_name>
        <sys_package display_value="UIB Examples" source="x_snc_uib_examples">a0a606201b0f8510ce2b6579b04bcb65</sys_package>
        <sys_parent/>
        <sys_policy/>
        <sys_scope display_value="UIB Examples">a0a606201b0f8510ce2b6579b04bcb65</sys_scope>
        <sys_scope_delete display_value="">4e87e5c7db26498091c96a6b2a7a0e10</sys_scope_delete>
        <sys_update_name>sys_ux_page_property_f24fe44e1bc4d110b00dddf6b04bcb16</sys_update_name>
        <sys_update_version display_value="sys_ux_page_property_f24fe44e1bc4d110b00dddf6b04bcb16">4cdcd502474169501706c328436d43ed</sys_update_version>
        <sys_updated_by>Marc.Mouries</sys_updated_by>
        <sys_updated_on>2023-09-27 13:26:53</sys_updated_on>
    </sys_metadata_delete>
</record_update>
