<?xml version="1.0" encoding="UTF-8"?><record_update>
    <sys_ui_section action="DELETE" caption="" section_id="14dcf3d947a9f1105d6c8fd4f16d43e4" sys_domain="global" table="x_snc_uib_examples_u_cmdb_qb_result_9122b47cea076e3b8b45912d21d28a76bfa4a087" version="3" view="">
        <sys_ui_element action="INSERT_OR_UPDATE">
            <element>.begin_split</element>
            <position>0</position>
            <sys_created_by>Marc.Mouries</sys_created_by>
            <sys_created_on>2023-09-27 13:27:42</sys_created_on>
            <sys_id>50dc7f1d47a9f1105d6c8fd4f16d43ff</sys_id>
            <sys_mod_count>0</sys_mod_count>
            <sys_ui_formatter/>
            <sys_ui_section caption="NULL" display_value="" name="x_snc_uib_examples_u_cmdb_qb_result_9122b47cea076e3b8b45912d21d28a76bfa4a087" sys_domain="global" view="Default view">14dcf3d947a9f1105d6c8fd4f16d43e4</sys_ui_section>
            <sys_updated_by>Marc.Mouries</sys_updated_by>
            <sys_updated_on>2023-09-27 13:27:42</sys_updated_on>
            <sys_user/>
            <type>.begin_split</type>
        </sys_ui_element>
        <sys_ui_element action="INSERT_OR_UPDATE">
            <element>query</element>
            <position>1</position>
            <sys_created_by>Marc.Mouries</sys_created_by>
            <sys_created_on>2023-09-27 13:27:42</sys_created_on>
            <sys_id>9cdc7f1d47a9f1105d6c8fd4f16d43ff</sys_id>
            <sys_mod_count>0</sys_mod_count>
            <sys_ui_formatter/>
            <sys_ui_section caption="NULL" display_value="" name="x_snc_uib_examples_u_cmdb_qb_result_9122b47cea076e3b8b45912d21d28a76bfa4a087" sys_domain="global" view="Default view">14dcf3d947a9f1105d6c8fd4f16d43e4</sys_ui_section>
            <sys_updated_by>Marc.Mouries</sys_updated_by>
            <sys_updated_on>2023-09-27 13:27:42</sys_updated_on>
            <sys_user/>
            <type/>
        </sys_ui_element>
        <sys_ui_element action="INSERT_OR_UPDATE">
            <element>.split</element>
            <position>2</position>
            <sys_created_by>Marc.Mouries</sys_created_by>
            <sys_created_on>2023-09-27 13:27:42</sys_created_on>
            <sys_id>14dcbf1d47a9f1105d6c8fd4f16d4300</sys_id>
            <sys_mod_count>0</sys_mod_count>
            <sys_ui_formatter/>
            <sys_ui_section caption="NULL" display_value="" name="x_snc_uib_examples_u_cmdb_qb_result_9122b47cea076e3b8b45912d21d28a76bfa4a087" sys_domain="global" view="Default view">14dcf3d947a9f1105d6c8fd4f16d43e4</sys_ui_section>
            <sys_updated_by>Marc.Mouries</sys_updated_by>
            <sys_updated_on>2023-09-27 13:27:42</sys_updated_on>
            <sys_user/>
            <type>.split</type>
        </sys_ui_element>
        <sys_ui_element action="INSERT_OR_UPDATE">
            <element>count</element>
            <position>3</position>
            <sys_created_by>Marc.Mouries</sys_created_by>
            <sys_created_on>2023-09-27 13:27:42</sys_created_on>
            <sys_id>98dcbf1d47a9f1105d6c8fd4f16d4300</sys_id>
            <sys_mod_count>0</sys_mod_count>
            <sys_ui_formatter/>
            <sys_ui_section caption="NULL" display_value="" name="x_snc_uib_examples_u_cmdb_qb_result_9122b47cea076e3b8b45912d21d28a76bfa4a087" sys_domain="global" view="Default view">14dcf3d947a9f1105d6c8fd4f16d43e4</sys_ui_section>
            <sys_updated_by>Marc.Mouries</sys_updated_by>
            <sys_updated_on>2023-09-27 13:27:42</sys_updated_on>
            <sys_user/>
            <type/>
        </sys_ui_element>
        <sys_ui_element action="INSERT_OR_UPDATE">
            <element>.end_split</element>
            <position>4</position>
            <sys_created_by>Marc.Mouries</sys_created_by>
            <sys_created_on>2023-09-27 13:27:42</sys_created_on>
            <sys_id>10dcbf1d47a9f1105d6c8fd4f16d4301</sys_id>
            <sys_mod_count>0</sys_mod_count>
            <sys_ui_formatter/>
            <sys_ui_section caption="NULL" display_value="" name="x_snc_uib_examples_u_cmdb_qb_result_9122b47cea076e3b8b45912d21d28a76bfa4a087" sys_domain="global" view="Default view">14dcf3d947a9f1105d6c8fd4f16d43e4</sys_ui_section>
            <sys_updated_by>Marc.Mouries</sys_updated_by>
            <sys_updated_on>2023-09-27 13:27:42</sys_updated_on>
            <sys_user/>
            <type>.end_split</type>
        </sys_ui_element>
        <sys_ui_section action="DELETE">
            <caption/>
            <header>false</header>
            <name>x_snc_uib_examples_u_cmdb_qb_result_9122b47cea076e3b8b45912d21d28a76bfa4a087</name>
            <roles/>
            <sys_class_name>sys_ui_section</sys_class_name>
            <sys_created_by>Marc.Mouries</sys_created_by>
            <sys_created_on>2023-09-27 13:27:42</sys_created_on>
            <sys_domain>global</sys_domain>
            <sys_domain_path>/</sys_domain_path>
            <sys_id>14dcf3d947a9f1105d6c8fd4f16d43e4</sys_id>
            <sys_mod_count>0</sys_mod_count>
            <sys_name>x_snc_uib_examples_u_cmdb_qb_result_9122b47cea076e3b8b45912d21d28a76bfa4a087</sys_name>
            <sys_overrides/>
            <sys_package display_value="UIB Examples" source="x_snc_uib_examples">a0a606201b0f8510ce2b6579b04bcb65</sys_package>
            <sys_policy/>
            <sys_scope display_value="UIB Examples">a0a606201b0f8510ce2b6579b04bcb65</sys_scope>
            <sys_update_name>sys_ui_section_14dcf3d947a9f1105d6c8fd4f16d43e4</sys_update_name>
            <sys_updated_by>Marc.Mouries</sys_updated_by>
            <sys_updated_on>2023-09-27 13:27:42</sys_updated_on>
            <sys_user/>
            <title>true</title>
            <view display_value="Default view" name="NULL">Default view</view>
            <view_name/>
        </sys_ui_section>
    </sys_ui_section>
    <sys_update_version action="INSERT_OR_UPDATE">
        <action>DELETE</action>
        <application display_value="UIB Examples">a0a606201b0f8510ce2b6579b04bcb65</application>
        <file_path/>
        <instance_id>1d68f923dbbe199407072f17d496199e</instance_id>
        <instance_name>appengine4govdemo</instance_name>
        <name>sys_ui_section_14dcf3d947a9f1105d6c8fd4f16d43e4</name>
        <payload><![CDATA[<?xml version="1.0" encoding="UTF-8"?><record_update><sys_ui_section caption="" section_id="14dcf3d947a9f1105d6c8fd4f16d43e4" sys_domain="global" table="x_snc_uib_examples_u_cmdb_qb_result_9122b47cea076e3b8b45912d21d28a76bfa4a087" version="3" view=""><sys_ui_element action="INSERT_OR_UPDATE"><element>.begin_split</element><position>0</position><sys_created_by>Marc.Mouries</sys_created_by><sys_created_on>2023-09-27 13:27:42</sys_created_on><sys_id>50dc7f1d47a9f1105d6c8fd4f16d43ff</sys_id><sys_mod_count>0</sys_mod_count><sys_ui_formatter/><sys_ui_section caption="NULL" display_value="" name="x_snc_uib_examples_u_cmdb_qb_result_9122b47cea076e3b8b45912d21d28a76bfa4a087" sys_domain="global" view="Default view">14dcf3d947a9f1105d6c8fd4f16d43e4</sys_ui_section><sys_updated_by>Marc.Mouries</sys_updated_by><sys_updated_on>2023-09-27 13:27:42</sys_updated_on><sys_user/><type>.begin_split</type></sys_ui_element><sys_ui_element action="INSERT_OR_UPDATE"><element>query</element><position>1</position><sys_created_by>Marc.Mouries</sys_created_by><sys_created_on>2023-09-27 13:27:42</sys_created_on><sys_id>9cdc7f1d47a9f1105d6c8fd4f16d43ff</sys_id><sys_mod_count>0</sys_mod_count><sys_ui_formatter/><sys_ui_section caption="NULL" display_value="" name="x_snc_uib_examples_u_cmdb_qb_result_9122b47cea076e3b8b45912d21d28a76bfa4a087" sys_domain="global" view="Default view">14dcf3d947a9f1105d6c8fd4f16d43e4</sys_ui_section><sys_updated_by>Marc.Mouries</sys_updated_by><sys_updated_on>2023-09-27 13:27:42</sys_updated_on><sys_user/><type/></sys_ui_element><sys_ui_element action="INSERT_OR_UPDATE"><element>.split</element><position>2</position><sys_created_by>Marc.Mouries</sys_created_by><sys_created_on>2023-09-27 13:27:42</sys_created_on><sys_id>14dcbf1d47a9f1105d6c8fd4f16d4300</sys_id><sys_mod_count>0</sys_mod_count><sys_ui_formatter/><sys_ui_section caption="NULL" display_value="" name="x_snc_uib_examples_u_cmdb_qb_result_9122b47cea076e3b8b45912d21d28a76bfa4a087" sys_domain="global" view="Default view">14dcf3d947a9f1105d6c8fd4f16d43e4</sys_ui_section><sys_updated_by>Marc.Mouries</sys_updated_by><sys_updated_on>2023-09-27 13:27:42</sys_updated_on><sys_user/><type>.split</type></sys_ui_element><sys_ui_element action="INSERT_OR_UPDATE"><element>count</element><position>3</position><sys_created_by>Marc.Mouries</sys_created_by><sys_created_on>2023-09-27 13:27:42</sys_created_on><sys_id>98dcbf1d47a9f1105d6c8fd4f16d4300</sys_id><sys_mod_count>0</sys_mod_count><sys_ui_formatter/><sys_ui_section caption="NULL" display_value="" name="x_snc_uib_examples_u_cmdb_qb_result_9122b47cea076e3b8b45912d21d28a76bfa4a087" sys_domain="global" view="Default view">14dcf3d947a9f1105d6c8fd4f16d43e4</sys_ui_section><sys_updated_by>Marc.Mouries</sys_updated_by><sys_updated_on>2023-09-27 13:27:42</sys_updated_on><sys_user/><type/></sys_ui_element><sys_ui_element action="INSERT_OR_UPDATE"><element>.end_split</element><position>4</position><sys_created_by>Marc.Mouries</sys_created_by><sys_created_on>2023-09-27 13:27:42</sys_created_on><sys_id>10dcbf1d47a9f1105d6c8fd4f16d4301</sys_id><sys_mod_count>0</sys_mod_count><sys_ui_formatter/><sys_ui_section caption="NULL" display_value="" name="x_snc_uib_examples_u_cmdb_qb_result_9122b47cea076e3b8b45912d21d28a76bfa4a087" sys_domain="global" view="Default view">14dcf3d947a9f1105d6c8fd4f16d43e4</sys_ui_section><sys_updated_by>Marc.Mouries</sys_updated_by><sys_updated_on>2023-09-27 13:27:42</sys_updated_on><sys_user/><type>.end_split</type></sys_ui_element><sys_ui_section action="INSERT_OR_UPDATE"><caption/><header>false</header><name>x_snc_uib_examples_u_cmdb_qb_result_9122b47cea076e3b8b45912d21d28a76bfa4a087</name><roles/><sys_class_name>sys_ui_section</sys_class_name><sys_created_by>Marc.Mouries</sys_created_by><sys_created_on>2023-09-27 13:27:42</sys_created_on><sys_domain>global</sys_domain><sys_domain_path>/</sys_domain_path><sys_id>14dcf3d947a9f1105d6c8fd4f16d43e4</sys_id><sys_mod_count>0</sys_mod_count><sys_name>x_snc_uib_examples_u_cmdb_qb_result_9122b47cea076e3b8b45912d21d28a76bfa4a087</sys_name><sys_overrides/><sys_package display_value="UIB Examples" source="x_snc_uib_examples">a0a606201b0f8510ce2b6579b04bcb65</sys_package><sys_policy/><sys_scope display_value="UIB Examples">a0a606201b0f8510ce2b6579b04bcb65</sys_scope><sys_update_name>sys_ui_section_14dcf3d947a9f1105d6c8fd4f16d43e4</sys_update_name><sys_updated_by>Marc.Mouries</sys_updated_by><sys_updated_on>2023-09-27 13:27:42</sys_updated_on><sys_user/><title>true</title><view display_value="Default view" name="NULL">Default view</view><view_name/></sys_ui_section></sys_ui_section></record_update>]]></payload>
        <payload_hash>-635364349</payload_hash>
        <record_name>3RdRDiAKm3apcAnGUTQfizOtGs23GfvB-Query Results</record_name>
        <reverted_from/>
        <source>a6f4604787c1b15031a07558dabb3574</source>
        <source_table>sys_update_set</source_table>
        <state>previous</state>
        <sys_created_by>Marc.Mouries</sys_created_by>
        <sys_created_on>2023-09-27 13:27:42</sys_created_on>
        <sys_id>90dcbf1d47a9f1105d6c8fd4f16d4303</sys_id>
        <sys_mod_count>0</sys_mod_count>
        <sys_recorded_at>18ad6d2ed930000001</sys_recorded_at>
        <sys_updated_by>Marc.Mouries</sys_updated_by>
        <sys_updated_on>2023-09-27 13:27:42</sys_updated_on>
        <type>Form Layout</type>
        <update_guid>58dcbf1d6da9f11052b8ac242f274e02</update_guid>
        <update_guid_history>58dcbf1d6da9f11052b8ac242f274e02:-635364349,58dc7f1d41a9f1108824d0ff2cbec5fe:-893706598</update_guid_history>
    </sys_update_version>
    <sys_metadata_delete action="INSERT_OR_UPDATE">
        <sys_audit_delete/>
        <sys_class_name>sys_metadata_delete</sys_class_name>
        <sys_created_by>Marc.Mouries</sys_created_by>
        <sys_created_on>2023-09-27 13:34:45</sys_created_on>
        <sys_db_object display_value="" name="sys_ui_section">sys_ui_section</sys_db_object>
        <sys_id>11d540130c984cc69903607dcf7bce01</sys_id>
        <sys_metadata>14dcf3d947a9f1105d6c8fd4f16d43e4</sys_metadata>
        <sys_mod_count>0</sys_mod_count>
        <sys_name>x_snc_uib_examples_u_cmdb_qb_result_9122b47cea076e3b8b45912d21d28a76bfa4a087</sys_name>
        <sys_package display_value="UIB Examples" source="x_snc_uib_examples">a0a606201b0f8510ce2b6579b04bcb65</sys_package>
        <sys_parent display_value="">eb513e4e475b25505d6c8fd4f16d439a</sys_parent>
        <sys_policy/>
        <sys_scope display_value="UIB Examples">a0a606201b0f8510ce2b6579b04bcb65</sys_scope>
        <sys_scope_delete display_value="">4e87e5c7db26498091c96a6b2a7a0e10</sys_scope_delete>
        <sys_update_name>sys_ui_section_14dcf3d947a9f1105d6c8fd4f16d43e4</sys_update_name>
        <sys_update_version display_value="sys_ui_section_14dcf3d947a9f1105d6c8fd4f16d43e4">90dcbf1d47a9f1105d6c8fd4f16d4303</sys_update_version>
        <sys_updated_by>Marc.Mouries</sys_updated_by>
        <sys_updated_on>2023-09-27 13:34:45</sys_updated_on>
    </sys_metadata_delete>
</record_update>
