<?xml version="1.0" encoding="UTF-8"?><record_update table="sys_db_object">
    <sys_db_object action="DELETE">
        <access/>
        <actions_access>true</actions_access>
        <alter_access>true</alter_access>
        <caller_access/>
        <client_scripts_access>true</client_scripts_access>
        <configuration_access>false</configuration_access>
        <create_access>true</create_access>
        <create_access_controls>false</create_access_controls>
        <delete_access>false</delete_access>
        <is_document_table>false</is_document_table>
        <is_extendable>false</is_extendable>
        <label>Insight - Non-cloud Servers-Query Results</label>
        <live_feed_enabled>false</live_feed_enabled>
        <name>x_snc_uib_examples_u_cmdb_qb_result_8d1b64c6407102410ece1165b5a1592551e5ac76</name>
        <number_ref/>
        <provider_class/>
        <read_access>true</read_access>
        <scriptable_table>false</scriptable_table>
        <super_class display_value="Query Builder Results" name="cmdb_qb_result_base">6b5e1454474311103d2cb28a436d431d</super_class>
        <sys_class_name>sys_db_object</sys_class_name>
        <sys_created_by>admin</sys_created_by>
        <sys_created_on>2023-09-07 12:00:00</sys_created_on>
        <sys_id>70f8a007478dbd105d6c8fd4f16d4311</sys_id>
        <sys_mod_count>0</sys_mod_count>
        <sys_name>Uib Examples U CMDB Qb Result 8d1b64c6407102410ece1165b5a1592551e5ac76</sys_name>
        <sys_package display_value="UIB Examples" source="x_snc_uib_examples">a0a606201b0f8510ce2b6579b04bcb65</sys_package>
        <sys_policy/>
        <sys_scope display_value="UIB Examples">a0a606201b0f8510ce2b6579b04bcb65</sys_scope>
        <sys_update_name>sys_db_object_70f8a007478dbd105d6c8fd4f16d4311</sys_update_name>
        <sys_updated_by>admin</sys_updated_by>
        <sys_updated_on>2023-09-07 12:00:00</sys_updated_on>
        <update_access>true</update_access>
        <user_role/>
        <ws_access>true</ws_access>
    </sys_db_object>
    <sys_update_version action="INSERT_OR_UPDATE">
        <action>DELETE</action>
        <application display_value="UIB Examples">a0a606201b0f8510ce2b6579b04bcb65</application>
        <file_path/>
        <instance_id>1d68f923dbbe199407072f17d496199e</instance_id>
        <instance_name>appengine4govdemo</instance_name>
        <name>sys_db_object_70f8a007478dbd105d6c8fd4f16d4311</name>
        <payload><![CDATA[<?xml version="1.0" encoding="UTF-8"?><record_update table="sys_db_object"><sys_db_object action="INSERT_OR_UPDATE"><access/><actions_access>true</actions_access><alter_access>true</alter_access><caller_access/><client_scripts_access>true</client_scripts_access><configuration_access>false</configuration_access><create_access>true</create_access><create_access_controls>false</create_access_controls><delete_access>false</delete_access><is_document_table>false</is_document_table><is_extendable>false</is_extendable><label>Insight - Non-cloud Servers-Query Results</label><live_feed_enabled>false</live_feed_enabled><name>x_snc_uib_examples_u_cmdb_qb_result_8d1b64c6407102410ece1165b5a1592551e5ac76</name><number_ref/><provider_class/><read_access>true</read_access><scriptable_table>false</scriptable_table><super_class display_value="Query Builder Results" name="cmdb_qb_result_base">6b5e1454474311103d2cb28a436d431d</super_class><sys_class_name>sys_db_object</sys_class_name><sys_created_by>admin</sys_created_by><sys_created_on>2023-09-07 12:00:00</sys_created_on><sys_id>70f8a007478dbd105d6c8fd4f16d4311</sys_id><sys_mod_count>0</sys_mod_count><sys_name>Uib Examples U CMDB Qb Result 8d1b64c6407102410ece1165b5a1592551e5ac76</sys_name><sys_package display_value="UIB Examples" source="x_snc_uib_examples">a0a606201b0f8510ce2b6579b04bcb65</sys_package><sys_policy/><sys_scope display_value="UIB Examples">a0a606201b0f8510ce2b6579b04bcb65</sys_scope><sys_update_name>sys_db_object_70f8a007478dbd105d6c8fd4f16d4311</sys_update_name><sys_updated_by>admin</sys_updated_by><sys_updated_on>2023-09-07 12:00:00</sys_updated_on><update_access>true</update_access><user_role/><ws_access>true</ws_access></sys_db_object></record_update>]]></payload>
        <payload_hash>-248209844</payload_hash>
        <record_name>Insight - Non-cloud Servers-Query Results</record_name>
        <reverted_from/>
        <source>7b8cf3e2876de110e971cb3e0ebb3502</source>
        <source_table>sys_update_set</source_table>
        <state>previous</state>
        <sys_created_by>admin</sys_created_by>
        <sys_created_on>2023-09-07 12:00:01</sys_created_on>
        <sys_id>fcf8a007478dbd105d6c8fd4f16d43cb</sys_id>
        <sys_mod_count>0</sys_mod_count>
        <sys_recorded_at>18a6f8376900000001</sys_recorded_at>
        <sys_updated_by>admin</sys_updated_by>
        <sys_updated_on>2023-09-07 12:00:01</sys_updated_on>
        <type>Table</type>
        <update_guid>74f8a007278dbd102c2b6b0e1de9b1cb</update_guid>
        <update_guid_history>74f8a007278dbd102c2b6b0e1de9b1cb:-248209844</update_guid_history>
    </sys_update_version>
    <sys_metadata_delete action="INSERT_OR_UPDATE">
        <sys_audit_delete/>
        <sys_class_name>sys_metadata_delete</sys_class_name>
        <sys_created_by>Marc.Mouries</sys_created_by>
        <sys_created_on>2023-09-27 13:35:00</sys_created_on>
        <sys_db_object display_value="" name="sys_db_object">sys_db_object</sys_db_object>
        <sys_id>1ade8750ae034a6abce99cf3255476c4</sys_id>
        <sys_metadata>70f8a007478dbd105d6c8fd4f16d4311</sys_metadata>
        <sys_mod_count>0</sys_mod_count>
        <sys_name>Uib Examples U CMDB Qb Result 8d1b64c6407102410ece1165b5a1592551e5ac76</sys_name>
        <sys_package display_value="UIB Examples" source="x_snc_uib_examples">a0a606201b0f8510ce2b6579b04bcb65</sys_package>
        <sys_parent/>
        <sys_policy/>
        <sys_scope display_value="UIB Examples">a0a606201b0f8510ce2b6579b04bcb65</sys_scope>
        <sys_scope_delete display_value="">4e87e5c7db26498091c96a6b2a7a0e10</sys_scope_delete>
        <sys_update_name>sys_db_object_70f8a007478dbd105d6c8fd4f16d4311</sys_update_name>
        <sys_update_version display_value="sys_db_object_70f8a007478dbd105d6c8fd4f16d4311">fcf8a007478dbd105d6c8fd4f16d43cb</sys_update_version>
        <sys_updated_by>Marc.Mouries</sys_updated_by>
        <sys_updated_on>2023-09-27 13:35:00</sys_updated_on>
    </sys_metadata_delete>
</record_update>
