<?xml version="1.0" encoding="UTF-8"?><record_update table="sys_ux_data_broker_scriptlet">
    <sys_ux_data_broker_scriptlet action="DELETE">
        <api_name>x_snc_uib_examples.getSystemProperty_Scriptlet</api_name>
        <description>Returns the system property</description>
        <mutates_server_data>false</mutates_server_data>
        <name>getSystemProperty_Scriptlet</name>
        <output_schema/>
        <private>false</private>
        <props>[&#13;
{&#13;
"name":"propertyname",&#13;
"label":"Property Name",&#13;
"description":"Name of the system property",&#13;
"readOnly":"false",&#13;
"fieldType":"string",&#13;
"mandatory":true,&#13;
"defaultValue":""&#13;
}&#13;
]</props>
        <required_translations>[ {
  "message" : "Name of the system property",
  "comment" : ""
}, {
  "message" : "Property Name",
  "comment" : ""
} ]</required_translations>
        <schema_version>1.0.0</schema_version>
        <script><![CDATA[function transform(input) {
var record = gs.getProperty(input.propertyname);
var obj = JSON.parse(record);
return obj;
}]]></script>
        <sys_class_name>sys_ux_data_broker_scriptlet</sys_class_name>
        <sys_created_by>Marc.Mouries</sys_created_by>
        <sys_created_on>2022-05-27 00:20:01</sys_created_on>
        <sys_id>33fff3c81b33c910b00dddf6b04bcb48</sys_id>
        <sys_mod_count>1</sys_mod_count>
        <sys_name>getSystemProperty_Scriptlet</sys_name>
        <sys_package display_value="UIB Examples" source="x_snc_uib_examples">a0a606201b0f8510ce2b6579b04bcb65</sys_package>
        <sys_policy/>
        <sys_scope display_value="UIB Examples">a0a606201b0f8510ce2b6579b04bcb65</sys_scope>
        <sys_update_name>sys_ux_data_broker_scriptlet_33fff3c81b33c910b00dddf6b04bcb48</sys_update_name>
        <sys_updated_by>Marc.Mouries</sys_updated_by>
        <sys_updated_on>2022-05-27 00:43:17</sys_updated_on>
    </sys_ux_data_broker_scriptlet>
    <sys_translated_text action="DELETE" query="documentkey=33fff3c81b33c910b00dddf6b04bcb48"/>
    <sys_update_version action="INSERT_OR_UPDATE">
        <action>DELETE</action>
        <application display_value="UIB Examples">a0a606201b0f8510ce2b6579b04bcb65</application>
        <file_path/>
        <instance_id>9e5e7297dbf290d89a4dcac5059619d0</instance_id>
        <instance_name>appengine4gov</instance_name>
        <name>sys_ux_data_broker_scriptlet_33fff3c81b33c910b00dddf6b04bcb48</name>
        <payload>&lt;?xml version="1.0" encoding="UTF-8"?&gt;&lt;record_update table="sys_ux_data_broker_scriptlet"&gt;&lt;sys_ux_data_broker_scriptlet action="INSERT_OR_UPDATE"&gt;&lt;api_name&gt;x_snc_uib_examples.getSystemProperty_Scriptlet&lt;/api_name&gt;&lt;description&gt;Returns the system property&lt;/description&gt;&lt;mutates_server_data&gt;false&lt;/mutates_server_data&gt;&lt;name&gt;getSystemProperty_Scriptlet&lt;/name&gt;&lt;output_schema/&gt;&lt;private&gt;false&lt;/private&gt;&lt;props&gt;[&amp;#13;
{&amp;#13;
"name":"propertyname",&amp;#13;
"label":"Property Name",&amp;#13;
"description":"Name of the system property",&amp;#13;
"readOnly":"false",&amp;#13;
"fieldType":"string",&amp;#13;
"mandatory":true,&amp;#13;
"defaultValue":""&amp;#13;
}&amp;#13;
]&lt;/props&gt;&lt;required_translations&gt;[ {
  "message" : "Name of the system property",
  "comment" : ""
}, {
  "message" : "Property Name",
  "comment" : ""
} ]&lt;/required_translations&gt;&lt;schema_version&gt;1.0.0&lt;/schema_version&gt;&lt;script&gt;&lt;![CDATA[function transform(input) {
var record = gs.getProperty(input.propertyname);
var obj = JSON.parse(record);
return obj;
}]]&gt;&lt;/script&gt;&lt;sys_class_name&gt;sys_ux_data_broker_scriptlet&lt;/sys_class_name&gt;&lt;sys_created_by&gt;Marc.Mouries&lt;/sys_created_by&gt;&lt;sys_created_on&gt;2022-05-27 00:20:01&lt;/sys_created_on&gt;&lt;sys_id&gt;33fff3c81b33c910b00dddf6b04bcb48&lt;/sys_id&gt;&lt;sys_mod_count&gt;1&lt;/sys_mod_count&gt;&lt;sys_name&gt;getSystemProperty_Scriptlet&lt;/sys_name&gt;&lt;sys_package display_value="UIB Examples" source="x_snc_uib_examples"&gt;a0a606201b0f8510ce2b6579b04bcb65&lt;/sys_package&gt;&lt;sys_policy/&gt;&lt;sys_scope display_value="UIB Examples"&gt;a0a606201b0f8510ce2b6579b04bcb65&lt;/sys_scope&gt;&lt;sys_update_name&gt;sys_ux_data_broker_scriptlet_33fff3c81b33c910b00dddf6b04bcb48&lt;/sys_update_name&gt;&lt;sys_updated_by&gt;Marc.Mouries&lt;/sys_updated_by&gt;&lt;sys_updated_on&gt;2022-05-27 00:43:17&lt;/sys_updated_on&gt;&lt;/sys_ux_data_broker_scriptlet&gt;&lt;sys_translated_text action="delete_multiple" query="documentkey=33fff3c81b33c910b00dddf6b04bcb48"/&gt;&lt;/record_update&gt;</payload>
        <payload_hash>326974901</payload_hash>
        <record_name>getSystemProperty_Scriptlet</record_name>
        <reverted_from/>
        <source>a8a606201b0f8510ce2b6579b04bcba5</source>
        <source_table>sys_update_set</source_table>
        <state>previous</state>
        <sys_created_by>Marc.Mouries</sys_created_by>
        <sys_created_on>2022-05-27 00:43:17</sys_created_on>
        <sys_id>890604501b73c910b00dddf6b04bcb7e</sys_id>
        <sys_mod_count>0</sys_mod_count>
        <sys_recorded_at>18102f7b5ba0000001</sys_recorded_at>
        <sys_updated_by>Marc.Mouries</sys_updated_by>
        <sys_updated_on>2022-05-27 00:43:17</sys_updated_on>
        <type>Data Broker Scriptlet</type>
        <update_guid>410604507873c9108ce568ce7a5c387e</update_guid>
        <update_guid_history>410604507873c9108ce568ce7a5c387e:326974901,5cb0c0d89333c9107ae19de75e746d4e:1513627401</update_guid_history>
    </sys_update_version>
    <sys_metadata_delete action="INSERT_OR_UPDATE">
        <sys_audit_delete/>
        <sys_class_name>sys_metadata_delete</sys_class_name>
        <sys_created_by>Marc.Mouries</sys_created_by>
        <sys_created_on>2022-05-27 02:35:43</sys_created_on>
        <sys_db_object display_value="" name="sys_ux_data_broker_scriptlet">sys_ux_data_broker_scriptlet</sys_db_object>
        <sys_id>1554d3a45d7748a8929223f23b073c40</sys_id>
        <sys_metadata>33fff3c81b33c910b00dddf6b04bcb48</sys_metadata>
        <sys_mod_count>0</sys_mod_count>
        <sys_name>getSystemProperty_Scriptlet</sys_name>
        <sys_package display_value="UIB Examples" source="x_snc_uib_examples">a0a606201b0f8510ce2b6579b04bcb65</sys_package>
        <sys_parent/>
        <sys_policy/>
        <sys_scope display_value="UIB Examples">a0a606201b0f8510ce2b6579b04bcb65</sys_scope>
        <sys_scope_delete display_value="">4e87e5c7db26498091c96a6b2a7a0e10</sys_scope_delete>
        <sys_update_name>sys_ux_data_broker_scriptlet_33fff3c81b33c910b00dddf6b04bcb48</sys_update_name>
        <sys_update_version display_value="sys_ux_data_broker_scriptlet_33fff3c81b33c910b00dddf6b04bcb48">890604501b73c910b00dddf6b04bcb7e</sys_update_version>
        <sys_updated_by>Marc.Mouries</sys_updated_by>
        <sys_updated_on>2022-05-27 02:35:43</sys_updated_on>
    </sys_metadata_delete>
</record_update>
