<?xml version="1.0" encoding="UTF-8"?><record_update table="sys_user_role">
    <sys_user_role action="DELETE">
        <assignable_by/>
        <can_delegate>true</can_delegate>
        <description/>
        <elevated_privilege>false</elevated_privilege>
        <encryption_context/>
        <grantable>true</grantable>
        <includes_roles/>
        <name>snc_re</name>
        <requires_subscription>-1</requires_subscription>
        <scoped_admin>false</scoped_admin>
        <suffix/>
        <sys_class_name>sys_user_role</sys_class_name>
        <sys_created_by>anugra.de@snc.maint,admin,snc_re</sys_created_by>
        <sys_created_on>2022-04-21 12:31:21</sys_created_on>
        <sys_id>02de89781b83c510b00dddf6b04bcb88</sys_id>
        <sys_mod_count>0</sys_mod_count>
        <sys_name>snc_re</sys_name>
        <sys_package display_value="UIB Examples" source="x_snc_uib_examples">a0a606201b0f8510ce2b6579b04bcb65</sys_package>
        <sys_policy/>
        <sys_scope display_value="UIB Examples">a0a606201b0f8510ce2b6579b04bcb65</sys_scope>
        <sys_update_name>sys_user_role_02de89781b83c510b00dddf6b04bcb88</sys_update_name>
        <sys_updated_by>anugra.de@snc.maint,admin,snc_re</sys_updated_by>
        <sys_updated_on>2022-04-21 12:31:21</sys_updated_on>
    </sys_user_role>
    <sys_update_version action="INSERT_OR_UPDATE">
        <action>DELETE</action>
        <application display_value="UIB Examples">a0a606201b0f8510ce2b6579b04bcb65</application>
        <file_path/>
        <instance_id>9e5e7297dbf290d89a4dcac5059619d0</instance_id>
        <instance_name>appengine4gov</instance_name>
        <name>sys_user_role_02de89781b83c510b00dddf6b04bcb88</name>
        <payload><![CDATA[<?xml version="1.0" encoding="UTF-8"?><record_update table="sys_user_role"><sys_user_role action="INSERT_OR_UPDATE"><assignable_by/><can_delegate>true</can_delegate><description/><elevated_privilege>false</elevated_privilege><encryption_context/><grantable>true</grantable><includes_roles/><name>snc_re</name><requires_subscription>-1</requires_subscription><scoped_admin>false</scoped_admin><suffix/><sys_class_name>sys_user_role</sys_class_name><sys_created_by>anugra.de@snc.maint,admin,snc_re</sys_created_by><sys_created_on>2022-04-21 12:31:21</sys_created_on><sys_id>02de89781b83c510b00dddf6b04bcb88</sys_id><sys_mod_count>0</sys_mod_count><sys_name>snc_re</sys_name><sys_package display_value="UIB Examples" source="x_snc_uib_examples">a0a606201b0f8510ce2b6579b04bcb65</sys_package><sys_policy/><sys_scope display_value="UIB Examples">a0a606201b0f8510ce2b6579b04bcb65</sys_scope><sys_update_name>sys_user_role_02de89781b83c510b00dddf6b04bcb88</sys_update_name><sys_updated_by>anugra.de@snc.maint,admin,snc_re</sys_updated_by><sys_updated_on>2022-04-21 12:31:21</sys_updated_on></sys_user_role></record_update>]]></payload>
        <payload_hash>1021856807</payload_hash>
        <record_name>snc_re</record_name>
        <reverted_from/>
        <source>a8a606201b0f8510ce2b6579b04bcba5</source>
        <source_table>sys_update_set</source_table>
        <state>previous</state>
        <sys_created_by>anugra.de@snc.maint,admin,snc_re</sys_created_by>
        <sys_created_on>2022-04-21 12:31:21</sys_created_on>
        <sys_id>46de89781b83c510b00dddf6b04bcb8d</sys_id>
        <sys_mod_count>0</sys_mod_count>
        <sys_recorded_at>1804c1b08b00000001</sys_recorded_at>
        <sys_updated_by>anugra.de@snc.maint,admin,snc_re</sys_updated_by>
        <sys_updated_on>2022-04-21 12:31:21</sys_updated_on>
        <type>Role</type>
        <update_guid>cade8978d583c5106ed556cb29b16d8c</update_guid>
        <update_guid_history>cade8978d583c5106ed556cb29b16d8c:1021856807</update_guid_history>
    </sys_update_version>
    <sys_metadata_delete action="INSERT_OR_UPDATE">
        <sys_audit_delete display_value="snc_re">0ba0f6d21bf35114b00dddf6b04bcb9c</sys_audit_delete>
        <sys_class_name>sys_metadata_delete</sys_class_name>
        <sys_created_by>Marc.Mouries</sys_created_by>
        <sys_created_on>2022-12-18 14:27:54</sys_created_on>
        <sys_db_object display_value="" name="sys_user_role">sys_user_role</sys_db_object>
        <sys_id>75b37bc85c974b8ba358aefd35554ab9</sys_id>
        <sys_metadata>02de89781b83c510b00dddf6b04bcb88</sys_metadata>
        <sys_mod_count>0</sys_mod_count>
        <sys_name>snc_re</sys_name>
        <sys_package display_value="UIB Examples" source="x_snc_uib_examples">a0a606201b0f8510ce2b6579b04bcb65</sys_package>
        <sys_parent/>
        <sys_policy/>
        <sys_scope display_value="UIB Examples">a0a606201b0f8510ce2b6579b04bcb65</sys_scope>
        <sys_scope_delete display_value="">4e87e5c7db26498091c96a6b2a7a0e10</sys_scope_delete>
        <sys_update_name>sys_user_role_02de89781b83c510b00dddf6b04bcb88</sys_update_name>
        <sys_update_version display_value="sys_user_role_02de89781b83c510b00dddf6b04bcb88">46de89781b83c510b00dddf6b04bcb8d</sys_update_version>
        <sys_updated_by>Marc.Mouries</sys_updated_by>
        <sys_updated_on>2022-12-18 14:27:54</sys_updated_on>
    </sys_metadata_delete>
</record_update>
