<?xml version="1.0" encoding="UTF-8"?><record_update table="sys_db_object">
    <sys_db_object action="DELETE">
        <access/>
        <actions_access>true</actions_access>
        <alter_access>true</alter_access>
        <caller_access/>
        <client_scripts_access>true</client_scripts_access>
        <configuration_access>false</configuration_access>
        <create_access>true</create_access>
        <create_access_controls>false</create_access_controls>
        <delete_access>false</delete_access>
        <is_document_table>false</is_document_table>
        <is_extendable>false</is_extendable>
        <label>GRC_8A8a9nc1EIidhS0cM90QRU6bbjJBbZpj-Query Results</label>
        <live_feed_enabled>false</live_feed_enabled>
        <name>x_snc_uib_examples_u_cmdb_qb_result_85bae2dc95bd9a664e9890122ccdd23097aed9be</name>
        <number_ref/>
        <provider_class/>
        <read_access>true</read_access>
        <scriptable_table>false</scriptable_table>
        <super_class display_value="Query Builder Results" name="cmdb_qb_result_base">6b5e1454474311103d2cb28a436d431d</super_class>
        <sys_class_name>sys_db_object</sys_class_name>
        <sys_created_by>admin</sys_created_by>
        <sys_created_on>2023-09-07 01:32:12</sys_created_on>
        <sys_id>d8499a7e478d7d105d6c8fd4f16d43e3</sys_id>
        <sys_mod_count>0</sys_mod_count>
        <sys_name>Uib Examples U CMDB Qb Result 85bae2dc95bd9a664e9890122ccdd23097aed9be</sys_name>
        <sys_package display_value="UIB Examples" source="x_snc_uib_examples">a0a606201b0f8510ce2b6579b04bcb65</sys_package>
        <sys_policy/>
        <sys_scope display_value="UIB Examples">a0a606201b0f8510ce2b6579b04bcb65</sys_scope>
        <sys_update_name>sys_db_object_d8499a7e478d7d105d6c8fd4f16d43e3</sys_update_name>
        <sys_updated_by>admin</sys_updated_by>
        <sys_updated_on>2023-09-07 01:32:12</sys_updated_on>
        <update_access>true</update_access>
        <user_role/>
        <ws_access>true</ws_access>
    </sys_db_object>
    <sys_update_version action="INSERT_OR_UPDATE">
        <action>DELETE</action>
        <application display_value="UIB Examples">a0a606201b0f8510ce2b6579b04bcb65</application>
        <file_path/>
        <instance_id>1d68f923dbbe199407072f17d496199e</instance_id>
        <instance_name>appengine4govdemo</instance_name>
        <name>sys_db_object_d8499a7e478d7d105d6c8fd4f16d43e3</name>
        <payload><![CDATA[<?xml version="1.0" encoding="UTF-8"?><record_update table="sys_db_object"><sys_db_object action="INSERT_OR_UPDATE"><access/><actions_access>true</actions_access><alter_access>true</alter_access><caller_access/><client_scripts_access>true</client_scripts_access><configuration_access>false</configuration_access><create_access>true</create_access><create_access_controls>false</create_access_controls><delete_access>false</delete_access><is_document_table>false</is_document_table><is_extendable>false</is_extendable><label>GRC_8A8a9nc1EIidhS0cM90QRU6bbjJBbZpj-Query Results</label><live_feed_enabled>false</live_feed_enabled><name>x_snc_uib_examples_u_cmdb_qb_result_85bae2dc95bd9a664e9890122ccdd23097aed9be</name><number_ref/><provider_class/><read_access>true</read_access><scriptable_table>false</scriptable_table><super_class display_value="Query Builder Results" name="cmdb_qb_result_base">6b5e1454474311103d2cb28a436d431d</super_class><sys_class_name>sys_db_object</sys_class_name><sys_created_by>admin</sys_created_by><sys_created_on>2023-09-07 01:32:12</sys_created_on><sys_id>d8499a7e478d7d105d6c8fd4f16d43e3</sys_id><sys_mod_count>0</sys_mod_count><sys_name>Uib Examples U CMDB Qb Result 85bae2dc95bd9a664e9890122ccdd23097aed9be</sys_name><sys_package display_value="UIB Examples" source="x_snc_uib_examples">a0a606201b0f8510ce2b6579b04bcb65</sys_package><sys_policy/><sys_scope display_value="UIB Examples">a0a606201b0f8510ce2b6579b04bcb65</sys_scope><sys_update_name>sys_db_object_d8499a7e478d7d105d6c8fd4f16d43e3</sys_update_name><sys_updated_by>admin</sys_updated_by><sys_updated_on>2023-09-07 01:32:12</sys_updated_on><update_access>true</update_access><user_role/><ws_access>true</ws_access></sys_db_object></record_update>]]></payload>
        <payload_hash>1922621217</payload_hash>
        <record_name>GRC_8A8a9nc1EIidhS0cM90QRU6bbjJBbZpj-Query Results</record_name>
        <reverted_from/>
        <source>7b8cf3e2876de110e971cb3e0ebb3502</source>
        <source_table>sys_update_set</source_table>
        <state>previous</state>
        <sys_created_by>admin</sys_created_by>
        <sys_created_on>2023-09-07 01:32:12</sys_created_on>
        <sys_id>6049da7e478d7d105d6c8fd4f16d430a</sys_id>
        <sys_mod_count>0</sys_mod_count>
        <sys_recorded_at>18a6d44b0fd0000001</sys_recorded_at>
        <sys_updated_by>admin</sys_updated_by>
        <sys_updated_on>2023-09-07 01:32:12</sys_updated_on>
        <type>Table</type>
        <update_guid>e449da7eb78d7d106ab663d37fcd9109</update_guid>
        <update_guid_history>e449da7eb78d7d106ab663d37fcd9109:1922621217</update_guid_history>
    </sys_update_version>
    <sys_metadata_delete action="INSERT_OR_UPDATE">
        <sys_audit_delete/>
        <sys_class_name>sys_metadata_delete</sys_class_name>
        <sys_created_by>Marc.Mouries</sys_created_by>
        <sys_created_on>2023-09-27 13:34:47</sys_created_on>
        <sys_db_object display_value="" name="sys_db_object">sys_db_object</sys_db_object>
        <sys_id>030fbbbbedd24dd389cb5320bca7a2a1</sys_id>
        <sys_metadata>d8499a7e478d7d105d6c8fd4f16d43e3</sys_metadata>
        <sys_mod_count>0</sys_mod_count>
        <sys_name>Uib Examples U CMDB Qb Result 85bae2dc95bd9a664e9890122ccdd23097aed9be</sys_name>
        <sys_package display_value="UIB Examples" source="x_snc_uib_examples">a0a606201b0f8510ce2b6579b04bcb65</sys_package>
        <sys_parent/>
        <sys_policy/>
        <sys_scope display_value="UIB Examples">a0a606201b0f8510ce2b6579b04bcb65</sys_scope>
        <sys_scope_delete display_value="">4e87e5c7db26498091c96a6b2a7a0e10</sys_scope_delete>
        <sys_update_name>sys_db_object_d8499a7e478d7d105d6c8fd4f16d43e3</sys_update_name>
        <sys_update_version display_value="sys_db_object_d8499a7e478d7d105d6c8fd4f16d43e3">6049da7e478d7d105d6c8fd4f16d430a</sys_update_version>
        <sys_updated_by>Marc.Mouries</sys_updated_by>
        <sys_updated_on>2023-09-27 13:34:47</sys_updated_on>
    </sys_metadata_delete>
</record_update>
