<?xml version="1.0" encoding="UTF-8"?><record_update table="sys_ux_page_registry">
    <sys_ux_page_registry action="DELETE">
        <active>true</active>
        <admin_panel>63ce204e1bc4d110b00dddf6b04bcb0f</admin_panel>
        <admin_panel_table>sys_ux_app_config</admin_panel_table>
        <auth_routes/>
        <page/>
        <parent_app display_value="Unified Navigation app shell">c86a62e2c7022010099a308dc7c26022</parent_app>
        <path>from-uib</path>
        <root_macroponent display_value="Workspace App Shell">c276387cc331101080d6d3658940ddd2</root_macroponent>
        <sys_class_name>sys_ux_page_registry</sys_class_name>
        <sys_created_by>Marc.Mouries</sys_created_by>
        <sys_created_on>2022-06-14 00:26:34</sys_created_on>
        <sys_id>2fcea04e1bc4d110b00dddf6b04bcb5b</sys_id>
        <sys_mod_count>0</sys_mod_count>
        <sys_name>from UIB</sys_name>
        <sys_package display_value="UIB Examples" source="x_snc_uib_examples">a0a606201b0f8510ce2b6579b04bcb65</sys_package>
        <sys_policy/>
        <sys_scope display_value="UIB Examples">a0a606201b0f8510ce2b6579b04bcb65</sys_scope>
        <sys_update_name>sys_ux_page_registry_2fcea04e1bc4d110b00dddf6b04bcb5b</sys_update_name>
        <sys_updated_by>Marc.Mouries</sys_updated_by>
        <sys_updated_on>2022-06-14 00:26:34</sys_updated_on>
        <title>from UIB</title>
    </sys_ux_page_registry>
<sys_update_version action="INSERT_OR_UPDATE">
        <action>DELETE</action>
        <application display_value="UIB Examples">a0a606201b0f8510ce2b6579b04bcb65</application>
        <file_path/>
        <instance_id>1d68f923dbbe199407072f17d496199e</instance_id>
        <instance_name>appengine4govdemo</instance_name>
        <name>sys_ux_page_registry_2fcea04e1bc4d110b00dddf6b04bcb5b</name>
        <payload><![CDATA[<?xml version="1.0" encoding="UTF-8"?><record_update table="sys_ux_page_registry">
    <sys_ux_page_registry action="INSERT_OR_UPDATE">
        <active>true</active>
        <admin_panel>63ce204e1bc4d110b00dddf6b04bcb0f</admin_panel>
        <admin_panel_table>sys_ux_app_config</admin_panel_table>
        <auth_routes/>
        <page/>
        <parent_app display_value="Unified Navigation app shell">c86a62e2c7022010099a308dc7c26022</parent_app>
        <path>from-uib</path>
        <root_macroponent display_value="Workspace App Shell">c276387cc331101080d6d3658940ddd2</root_macroponent>
        <sys_class_name>sys_ux_page_registry</sys_class_name>
        <sys_created_by>Marc.Mouries</sys_created_by>
        <sys_created_on>2022-06-14 00:26:34</sys_created_on>
        <sys_id>2fcea04e1bc4d110b00dddf6b04bcb5b</sys_id>
        <sys_mod_count>0</sys_mod_count>
        <sys_name>from UIB</sys_name>
        <sys_package display_value="UIB Examples" source="x_snc_uib_examples">a0a606201b0f8510ce2b6579b04bcb65</sys_package>
        <sys_policy/>
        <sys_scope display_value="UIB Examples">a0a606201b0f8510ce2b6579b04bcb65</sys_scope>
        <sys_update_name>sys_ux_page_registry_2fcea04e1bc4d110b00dddf6b04bcb5b</sys_update_name>
        <sys_updated_by>Marc.Mouries</sys_updated_by>
        <sys_updated_on>2022-06-14 00:26:34</sys_updated_on>
        <title>from UIB</title>
    </sys_ux_page_registry>
</record_update>]]></payload>
        <payload_hash>1616343989</payload_hash>
        <record_name>from UIB</record_name>
        <reverted_from/>
        <source>02bc5dce470169501706c328436d434b</source>
        <source_table>sys_upgrade_history</source_table>
        <state>previous</state>
        <sys_created_by>Marc.Mouries</sys_created_by>
        <sys_created_on>2023-02-17 17:01:31</sys_created_on>
        <sys_id>c0dcd502474169501706c328436d43f1</sys_id>
        <sys_mod_count>0</sys_mod_count>
        <sys_recorded_at>1866052e88e0000001</sys_recorded_at>
        <sys_updated_by>Marc.Mouries</sys_updated_by>
        <sys_updated_on>2023-02-17 17:01:31</sys_updated_on>
        <type>UX Application</type>
        <update_guid>80dcd50267416950884e3eb25216a5f1</update_guid>
        <update_guid_history>80dcd50267416950884e3eb25216a5f1:1616343989</update_guid_history>
    </sys_update_version>
    <sys_metadata_delete action="INSERT_OR_UPDATE">
        <sys_audit_delete/>
        <sys_class_name>sys_metadata_delete</sys_class_name>
        <sys_created_by>Marc.Mouries</sys_created_by>
        <sys_created_on>2023-09-27 13:26:54</sys_created_on>
        <sys_db_object display_value="" name="sys_ux_page_registry">sys_ux_page_registry</sys_db_object>
        <sys_id>d7e49f00f7ee4eeb97eacb41cf2a5199</sys_id>
        <sys_metadata>2fcea04e1bc4d110b00dddf6b04bcb5b</sys_metadata>
        <sys_mod_count>0</sys_mod_count>
        <sys_name>from UIB</sys_name>
        <sys_package display_value="UIB Examples" source="x_snc_uib_examples">a0a606201b0f8510ce2b6579b04bcb65</sys_package>
        <sys_parent/>
        <sys_policy/>
        <sys_scope display_value="UIB Examples">a0a606201b0f8510ce2b6579b04bcb65</sys_scope>
        <sys_scope_delete display_value="">4e87e5c7db26498091c96a6b2a7a0e10</sys_scope_delete>
        <sys_update_name>sys_ux_page_registry_2fcea04e1bc4d110b00dddf6b04bcb5b</sys_update_name>
        <sys_update_version display_value="sys_ux_page_registry_2fcea04e1bc4d110b00dddf6b04bcb5b">c0dcd502474169501706c328436d43f1</sys_update_version>
        <sys_updated_by>Marc.Mouries</sys_updated_by>
        <sys_updated_on>2023-09-27 13:26:54</sys_updated_on>
    </sys_metadata_delete>
</record_update>
