<?xml version="1.0" encoding="UTF-8"?><record_update table="sys_ux_event">
    <sys_ux_event action="DELETE">
        <description>Fired when the user changes the circle on the map</description>
        <event_name>AES_GMAP#MAP_CIRCLE_CHANGED</event_name>
        <interfaces/>
        <label>AES_GMAP#MAP_CIRCLE_CHANGED</label>
        <props/>
        <required_translations>[ ]</required_translations>
        <schema_version>1.0.0</schema_version>
        <sys_class_name>sys_ux_event</sys_class_name>
        <sys_created_by>Marc.Mouries</sys_created_by>
        <sys_created_on>2023-02-17 17:29:17</sys_created_on>
        <sys_id>3223a94a474169501706c328436d4327</sys_id>
        <sys_mod_count>0</sys_mod_count>
        <sys_name>AES_GMAP#MAP_CIRCLE_CHANGED</sys_name>
        <sys_package display_value="UIB Examples" source="x_snc_uib_examples">a0a606201b0f8510ce2b6579b04bcb65</sys_package>
        <sys_policy/>
        <sys_scope display_value="UIB Examples">a0a606201b0f8510ce2b6579b04bcb65</sys_scope>
        <sys_update_name>sys_ux_event_3223a94a474169501706c328436d4327</sys_update_name>
        <sys_updated_by>Marc.Mouries</sys_updated_by>
        <sys_updated_on>2023-02-17 17:29:17</sys_updated_on>
    </sys_ux_event>
    <sys_translated_text action="DELETE" query="documentkey=3223a94a474169501706c328436d4327"/>
    <sys_update_version action="INSERT_OR_UPDATE">
        <action>DELETE</action>
        <application display_value="UIB Examples">a0a606201b0f8510ce2b6579b04bcb65</application>
        <file_path/>
        <instance_id>1d68f923dbbe199407072f17d496199e</instance_id>
        <instance_name>appengine4govdemo</instance_name>
        <name>sys_ux_event_3223a94a474169501706c328436d4327</name>
        <payload><![CDATA[<?xml version="1.0" encoding="UTF-8"?><record_update table="sys_ux_event"><sys_ux_event action="INSERT_OR_UPDATE"><description>Fired when the user changes the circle on the map</description><event_name>AES_GMAP#MAP_CIRCLE_CHANGED</event_name><interfaces/><label>AES_GMAP#MAP_CIRCLE_CHANGED</label><props/><required_translations>[ ]</required_translations><schema_version>1.0.0</schema_version><sys_class_name>sys_ux_event</sys_class_name><sys_created_by>Marc.Mouries</sys_created_by><sys_created_on>2023-02-17 17:29:17</sys_created_on><sys_id>3223a94a474169501706c328436d4327</sys_id><sys_mod_count>0</sys_mod_count><sys_name>AES_GMAP#MAP_CIRCLE_CHANGED</sys_name><sys_package display_value="UIB Examples" source="x_snc_uib_examples">a0a606201b0f8510ce2b6579b04bcb65</sys_package><sys_policy/><sys_scope display_value="UIB Examples">a0a606201b0f8510ce2b6579b04bcb65</sys_scope><sys_update_name>sys_ux_event_3223a94a474169501706c328436d4327</sys_update_name><sys_updated_by>Marc.Mouries</sys_updated_by><sys_updated_on>2023-02-17 17:29:17</sys_updated_on></sys_ux_event><sys_translated_text action="delete_multiple" query="documentkey=3223a94a474169501706c328436d4327"/></record_update>]]></payload>
        <payload_hash>523754238</payload_hash>
        <record_name>AES_GMAP#MAP_CIRCLE_CHANGED</record_name>
        <reverted_from/>
        <source>84fc594e470169501706c328436d432a</source>
        <source_table>sys_update_set</source_table>
        <state>current</state>
        <sys_created_by>Marc.Mouries</sys_created_by>
        <sys_created_on>2023-02-17 17:29:17</sys_created_on>
        <sys_id>7e23a94a474169501706c328436d4329</sys_id>
        <sys_mod_count>0</sys_mod_count>
        <sys_recorded_at>186606c54e50000001</sys_recorded_at>
        <sys_updated_by>Marc.Mouries</sys_updated_by>
        <sys_updated_on>2023-02-17 17:29:17</sys_updated_on>
        <type>UX Event</type>
        <update_guid>b223a94ace41695081cb08fca75e9029</update_guid>
        <update_guid_history>b223a94ace41695081cb08fca75e9029:523754238</update_guid_history>
    </sys_update_version>
    <sys_metadata_delete action="INSERT_OR_UPDATE">
        <sys_audit_delete/>
        <sys_class_name>sys_metadata_delete</sys_class_name>
        <sys_created_by>Marc.Mouries</sys_created_by>
        <sys_created_on>2023-02-17 17:30:56</sys_created_on>
        <sys_db_object display_value="" name="sys_ux_event">sys_ux_event</sys_db_object>
        <sys_id>06bbcd89ea3549c094cd209c97b56704</sys_id>
        <sys_metadata>3223a94a474169501706c328436d4327</sys_metadata>
        <sys_mod_count>0</sys_mod_count>
        <sys_name>AES_GMAP#MAP_CIRCLE_CHANGED</sys_name>
        <sys_package display_value="UIB Examples" source="x_snc_uib_examples">a0a606201b0f8510ce2b6579b04bcb65</sys_package>
        <sys_parent/>
        <sys_policy/>
        <sys_scope display_value="UIB Examples">a0a606201b0f8510ce2b6579b04bcb65</sys_scope>
        <sys_scope_delete display_value="">4e87e5c7db26498091c96a6b2a7a0e10</sys_scope_delete>
        <sys_update_name>sys_ux_event_3223a94a474169501706c328436d4327</sys_update_name>
        <sys_update_version display_value="sys_ux_event_3223a94a474169501706c328436d4327">7e23a94a474169501706c328436d4329</sys_update_version>
        <sys_updated_by>Marc.Mouries</sys_updated_by>
        <sys_updated_on>2023-02-17 17:30:56</sys_updated_on>
    </sys_metadata_delete>
</record_update>
