<?xml version="1.0" encoding="UTF-8"?><record_update>
    <sys_dictionary action="DELETE" element="x_snc_uib_examples_u_business_application_1" table="u_cmdb_qb_result_85bae2dc95bd9a664e9890122ccdd23097aed9be">
        <active>true</active>
        <array>false</array>
        <attributes>encode_utf8=false</attributes>
        <audit>false</audit>
        <calculation/>
        <choice>0</choice>
        <choice_field/>
        <choice_table/>
        <column_label>Business Application 1</column_label>
        <comments/>
        <create_roles/>
        <default_value/>
        <defaultsort/>
        <delete_roles/>
        <dependent/>
        <dependent_on_field/>
        <display>false</display>
        <dynamic_creation>false</dynamic_creation>
        <dynamic_creation_script/>
        <dynamic_default_value/>
        <dynamic_ref_qual/>
        <element>x_snc_uib_examples_u_business_application_1</element>
        <element_reference>false</element_reference>
        <foreign_database/>
        <formula/>
        <function_definition/>
        <function_field>false</function_field>
        <internal_type display_value="Reference">reference</internal_type>
        <mandatory>false</mandatory>
        <max_length>32</max_length>
        <name>u_cmdb_qb_result_85bae2dc95bd9a664e9890122ccdd23097aed9be</name>
        <next_element/>
        <primary>false</primary>
        <read_only>false</read_only>
        <read_roles/>
        <reference display_value="" name="cmdb_ci_business_app">cmdb_ci_business_app</reference>
        <reference_cascade_rule/>
        <reference_floats>false</reference_floats>
        <reference_key/>
        <reference_qual/>
        <reference_qual_condition/>
        <reference_type/>
        <spell_check>false</spell_check>
        <staged>false</staged>
        <sys_class_name>sys_dictionary</sys_class_name>
        <sys_created_by>admin</sys_created_by>
        <sys_created_on>2023-09-07 01:32:12</sys_created_on>
        <sys_id>2449da7e478d7d105d6c8fd4f16d430b</sys_id>
        <sys_name>Business Application 1</sys_name>
        <sys_package display_value="UIB Examples" source="x_snc_uib_examples">a0a606201b0f8510ce2b6579b04bcb65</sys_package>
        <sys_policy/>
        <sys_scope display_value="UIB Examples">a0a606201b0f8510ce2b6579b04bcb65</sys_scope>
        <sys_update_name>sys_dictionary_u_cmdb_qb_result_85bae2dc95bd9a664e9890122ccdd23097aed9be_x_snc_uib_examples_u_business_application_1</sys_update_name>
        <sys_updated_by>admin</sys_updated_by>
        <sys_updated_on>2023-09-07 01:32:12</sys_updated_on>
        <table_reference>false</table_reference>
        <text_index>false</text_index>
        <unique>false</unique>
        <use_dependent_field>false</use_dependent_field>
        <use_dynamic_default>false</use_dynamic_default>
        <use_reference_qualifier>simple</use_reference_qualifier>
        <virtual>false</virtual>
        <virtual_type/>
        <widget/>
        <write_roles/>
        <xml_view>false</xml_view>
    </sys_dictionary>
    <sys_update_version action="INSERT_OR_UPDATE">
        <action>DELETE</action>
        <application display_value="UIB Examples">a0a606201b0f8510ce2b6579b04bcb65</application>
        <file_path/>
        <instance_id>1d68f923dbbe199407072f17d496199e</instance_id>
        <instance_name>appengine4govdemo</instance_name>
        <name>sys_dictionary_u_cmdb_qb_result_85bae2dc95bd9a664e9890122ccdd23097aed9be_x_snc_uib_examples_u_business_application_1</name>
        <payload><![CDATA[<?xml version="1.0" encoding="UTF-8"?><record_update><sys_dictionary action="INSERT_OR_UPDATE" element="x_snc_uib_examples_u_business_application_1" table="u_cmdb_qb_result_85bae2dc95bd9a664e9890122ccdd23097aed9be"><active>true</active><array>false</array><attributes>encode_utf8=false</attributes><audit>false</audit><calculation/><choice>0</choice><choice_field/><choice_table/><column_label>Business Application 1</column_label><comments/><create_roles/><default_value/><defaultsort/><delete_roles/><dependent/><dependent_on_field/><display>false</display><dynamic_creation>false</dynamic_creation><dynamic_creation_script/><dynamic_default_value/><dynamic_ref_qual/><element>x_snc_uib_examples_u_business_application_1</element><element_reference>false</element_reference><foreign_database/><formula/><function_definition/><function_field>false</function_field><internal_type display_value="Reference">reference</internal_type><mandatory>false</mandatory><max_length>32</max_length><name>u_cmdb_qb_result_85bae2dc95bd9a664e9890122ccdd23097aed9be</name><next_element/><primary>false</primary><read_only>false</read_only><read_roles/><reference display_value="" name="cmdb_ci_business_app">cmdb_ci_business_app</reference><reference_cascade_rule/><reference_floats>false</reference_floats><reference_key/><reference_qual/><reference_qual_condition/><reference_type/><spell_check>false</spell_check><staged>false</staged><sys_class_name>sys_dictionary</sys_class_name><sys_created_by>admin</sys_created_by><sys_created_on>2023-09-07 01:32:12</sys_created_on><sys_id>2449da7e478d7d105d6c8fd4f16d430b</sys_id><sys_name>Business Application 1</sys_name><sys_package display_value="UIB Examples" source="x_snc_uib_examples">a0a606201b0f8510ce2b6579b04bcb65</sys_package><sys_policy/><sys_scope display_value="UIB Examples">a0a606201b0f8510ce2b6579b04bcb65</sys_scope><sys_update_name>sys_dictionary_u_cmdb_qb_result_85bae2dc95bd9a664e9890122ccdd23097aed9be_x_snc_uib_examples_u_business_application_1</sys_update_name><sys_updated_by>admin</sys_updated_by><sys_updated_on>2023-09-07 01:32:12</sys_updated_on><table_reference>false</table_reference><text_index>false</text_index><unique>false</unique><use_dependent_field>false</use_dependent_field><use_dynamic_default>false</use_dynamic_default><use_reference_qualifier>simple</use_reference_qualifier><virtual>false</virtual><virtual_type/><widget/><write_roles/><xml_view>false</xml_view></sys_dictionary></record_update>]]></payload>
        <payload_hash>-710762661</payload_hash>
        <record_name>u_cmdb_qb_result_85bae2dc95bd9a664e9890122ccdd23097aed9be.Business Application 1</record_name>
        <reverted_from/>
        <source>7b8cf3e2876de110e971cb3e0ebb3502</source>
        <source_table>sys_update_set</source_table>
        <state>previous</state>
        <sys_created_by>admin</sys_created_by>
        <sys_created_on>2023-09-07 01:32:13</sys_created_on>
        <sys_id>2049da7e478d7d105d6c8fd4f16d4353</sys_id>
        <sys_mod_count>0</sys_mod_count>
        <sys_recorded_at>18a6d44b1560000001</sys_recorded_at>
        <sys_updated_by>admin</sys_updated_by>
        <sys_updated_on>2023-09-07 01:32:13</sys_updated_on>
        <type>Dictionary</type>
        <update_guid>a449da7eba8d7d10a7ad0ac0418bcf52</update_guid>
        <update_guid_history>a449da7eba8d7d10a7ad0ac0418bcf52:-710762661</update_guid_history>
    </sys_update_version>
    <sys_metadata_delete action="INSERT_OR_UPDATE">
        <sys_audit_delete/>
        <sys_class_name>sys_metadata_delete</sys_class_name>
        <sys_created_by>admin</sys_created_by>
        <sys_created_on>2023-09-07 01:32:13</sys_created_on>
        <sys_db_object display_value="" name="sys_dictionary">sys_dictionary</sys_db_object>
        <sys_id>80210e8317564c7cac0d71a944e81410</sys_id>
        <sys_metadata>2449da7e478d7d105d6c8fd4f16d430b</sys_metadata>
        <sys_mod_count>0</sys_mod_count>
        <sys_name>Business Application 1</sys_name>
        <sys_package display_value="UIB Examples" source="x_snc_uib_examples">a0a606201b0f8510ce2b6579b04bcb65</sys_package>
        <sys_parent/>
        <sys_policy/>
        <sys_scope display_value="UIB Examples">a0a606201b0f8510ce2b6579b04bcb65</sys_scope>
        <sys_scope_delete display_value="">4e87e5c7db26498091c96a6b2a7a0e10</sys_scope_delete>
        <sys_update_name>sys_dictionary_u_cmdb_qb_result_85bae2dc95bd9a664e9890122ccdd23097aed9be_x_snc_uib_examples_u_business_application_1</sys_update_name>
        <sys_update_version display_value="sys_dictionary_u_cmdb_qb_result_85bae2dc95bd9a664e9890122ccdd23097aed9be_x_snc_uib_examples_u_business_application_1">2049da7e478d7d105d6c8fd4f16d4353</sys_update_version>
        <sys_updated_by>admin</sys_updated_by>
        <sys_updated_on>2023-09-07 01:32:13</sys_updated_on>
    </sys_metadata_delete>
</record_update>
