<?xml version="1.0" encoding="UTF-8"?><record_update table="sys_security_acl_role">
    <sys_security_acl_role action="DELETE">
        <sys_class_name>sys_security_acl_role</sys_class_name>
        <sys_created_by>Marc.Mouries</sys_created_by>
        <sys_created_on>2023-09-27 15:05:50</sys_created_on>
        <sys_id>7543dca147adf1105d6c8fd4f16d43f7</sys_id>
        <sys_mod_count>0</sys_mod_count>
        <sys_name>edca0ce1476df1105d6c8fd4f16d4345.snc_internal</sys_name>
        <sys_package display_value="UIB Examples" source="x_snc_uib_examples">a0a606201b0f8510ce2b6579b04bcb65</sys_package>
        <sys_policy/>
        <sys_scope display_value="UIB Examples">a0a606201b0f8510ce2b6579b04bcb65</sys_scope>
        <sys_security_acl display_value="">f8d2d4a147adf1105d6c8fd4f16d43f3</sys_security_acl>
        <sys_update_name>sys_security_acl_role_7543dca147adf1105d6c8fd4f16d43f7</sys_update_name>
        <sys_updated_by>Marc.Mouries</sys_updated_by>
        <sys_updated_on>2023-09-27 15:05:50</sys_updated_on>
        <sys_user_role display_value="snc_internal" name="snc_internal">7fcaa702933002009c8579b4f47ffbde</sys_user_role>
        <transaction_id>b543d469476df1105d6c8fd4f16d4333</transaction_id>
    </sys_security_acl_role>
    <sys_update_version action="INSERT_OR_UPDATE">
        <action>DELETE</action>
        <application display_value="UIB Examples">a0a606201b0f8510ce2b6579b04bcb65</application>
        <file_path/>
        <instance_id>1d68f923dbbe199407072f17d496199e</instance_id>
        <instance_name>appengine4govdemo</instance_name>
        <name>sys_security_acl_role_7543dca147adf1105d6c8fd4f16d43f7</name>
        <payload><![CDATA[<?xml version="1.0" encoding="UTF-8"?><record_update table="sys_security_acl_role"><sys_security_acl_role action="INSERT_OR_UPDATE"><sys_class_name>sys_security_acl_role</sys_class_name><sys_created_by>Marc.Mouries</sys_created_by><sys_created_on>2023-09-27 15:05:50</sys_created_on><sys_id>7543dca147adf1105d6c8fd4f16d43f7</sys_id><sys_mod_count>0</sys_mod_count><sys_name>edca0ce1476df1105d6c8fd4f16d4345.snc_internal</sys_name><sys_package display_value="UIB Examples" source="x_snc_uib_examples">a0a606201b0f8510ce2b6579b04bcb65</sys_package><sys_policy/><sys_scope display_value="UIB Examples">a0a606201b0f8510ce2b6579b04bcb65</sys_scope><sys_security_acl display_value="">f8d2d4a147adf1105d6c8fd4f16d43f3</sys_security_acl><sys_update_name>sys_security_acl_role_7543dca147adf1105d6c8fd4f16d43f7</sys_update_name><sys_updated_by>Marc.Mouries</sys_updated_by><sys_updated_on>2023-09-27 15:05:50</sys_updated_on><sys_user_role display_value="snc_internal" name="snc_internal">7fcaa702933002009c8579b4f47ffbde</sys_user_role><transaction_id>b543d469476df1105d6c8fd4f16d4333</transaction_id></sys_security_acl_role></record_update>]]></payload>
        <payload_hash>-1988283779</payload_hash>
        <record_name>edca0ce1476df1105d6c8fd4f16d4345.snc_internal</record_name>
        <reverted_from/>
        <source>9a99e921472131105d6c8fd4f16d43ba</source>
        <source_table>sys_upgrade_history</source_table>
        <state>previous</state>
        <sys_created_by/>
        <sys_created_on>2023-09-27 21:22:57</sys_created_on>
        <sys_id>1d79ffe04731b5505d6c8fd4f16d4368</sys_id>
        <sys_mod_count/>
        <sys_recorded_at>18ad88607680000000</sys_recorded_at>
        <sys_updated_by/>
        <sys_updated_on/>
        <type>Access Roles</type>
        <update_guid>d979ffe0a131b550ff2e8727326bf368</update_guid>
        <update_guid_history>d979ffe0a131b550ff2e8727326bf368:-1988283779</update_guid_history>
    </sys_update_version>
    <sys_metadata_delete action="INSERT_OR_UPDATE">
        <sys_audit_delete display_value="edca0ce1476df1105d6c8fd4f16d4345.snc_internal">5d79ffe04731b5505d6c8fd4f16d436a</sys_audit_delete>
        <sys_class_name>sys_metadata_delete</sys_class_name>
        <sys_created_by>Marc.Mouries</sys_created_by>
        <sys_created_on>2023-10-07 15:33:16</sys_created_on>
        <sys_db_object display_value="" name="sys_security_acl_role">sys_security_acl_role</sys_db_object>
        <sys_id>56119a5e4f1a4ca08a1b7374eb21d900</sys_id>
        <sys_metadata>7543dca147adf1105d6c8fd4f16d43f7</sys_metadata>
        <sys_mod_count>0</sys_mod_count>
        <sys_name>edca0ce1476df1105d6c8fd4f16d4345.snc_internal</sys_name>
        <sys_package display_value="UIB Examples" source="x_snc_uib_examples">a0a606201b0f8510ce2b6579b04bcb65</sys_package>
        <sys_parent/>
        <sys_policy/>
        <sys_scope display_value="UIB Examples">a0a606201b0f8510ce2b6579b04bcb65</sys_scope>
        <sys_scope_delete display_value="">4e87e5c7db26498091c96a6b2a7a0e10</sys_scope_delete>
        <sys_update_name>sys_security_acl_role_7543dca147adf1105d6c8fd4f16d43f7</sys_update_name>
        <sys_update_version display_value="sys_security_acl_role_7543dca147adf1105d6c8fd4f16d43f7">1d79ffe04731b5505d6c8fd4f16d4368</sys_update_version>
        <sys_updated_by>Marc.Mouries</sys_updated_by>
        <sys_updated_on>2023-10-07 15:33:16</sys_updated_on>
    </sys_metadata_delete>
</record_update>
