<?xml version="1.0" encoding="UTF-8"?><record_update table="sys_pd_process_definition">
    <sys_pd_process_definition action="DELETE">
        <access>public</access>
        <active>true</active>
        <description/>
        <label>intake</label>
        <name>intake</name>
        <snapshot/>
        <status>draft</status>
        <sys_class_name>sys_pd_process_definition</sys_class_name>
        <sys_created_by>Marc.Mouries</sys_created_by>
        <sys_created_on>2022-05-20 21:06:42</sys_created_on>
        <sys_id>f5ea9c121b63c110ce2b6579b04bcb53</sys_id>
        <sys_mod_count>0</sys_mod_count>
        <sys_name>intake</sys_name>
        <sys_package display_value="UIB Examples" source="x_snc_uib_examples">a0a606201b0f8510ce2b6579b04bcb65</sys_package>
        <sys_policy/>
        <sys_scope display_value="UIB Examples">a0a606201b0f8510ce2b6579b04bcb65</sys_scope>
        <sys_update_name>sys_pd_process_definition_f5ea9c121b63c110ce2b6579b04bcb53</sys_update_name>
        <sys_updated_by>Marc.Mouries</sys_updated_by>
        <sys_updated_on>2022-05-20 21:06:43</sys_updated_on>
    </sys_pd_process_definition>
    <sys_pd_process_definition action="DELETE">
        <access>public</access>
        <active>true</active>
        <description/>
        <label>intake</label>
        <name>intake</name>
        <snapshot/>
        <status>draft</status>
        <sys_class_name>sys_pd_process_definition</sys_class_name>
        <sys_created_by>Marc.Mouries</sys_created_by>
        <sys_created_on>2022-05-20 21:06:42</sys_created_on>
        <sys_id>f5ea9c121b63c110ce2b6579b04bcb53</sys_id>
        <sys_mod_count>0</sys_mod_count>
        <sys_name>intake</sys_name>
        <sys_package display_value="UIB Examples" source="x_snc_uib_examples">a0a606201b0f8510ce2b6579b04bcb65</sys_package>
        <sys_policy/>
        <sys_scope display_value="UIB Examples">a0a606201b0f8510ce2b6579b04bcb65</sys_scope>
        <sys_update_name>sys_pd_process_definition_f5ea9c121b63c110ce2b6579b04bcb53</sys_update_name>
        <sys_updated_by>Marc.Mouries</sys_updated_by>
        <sys_updated_on>2022-05-20 21:06:43</sys_updated_on>
    </sys_pd_process_definition>
    <sys_pd_trigger_instance action="DELETE" query="sys_id=4aead8121b63c110ce2b6579b04bcbea^sys_idNOT IN4aead8121b63c110ce2b6579b04bcbea"/>
    <sys_pd_trigger_instance action="DELETE">
        <label/>
        <name/>
        <process_definition display_value="intake">f5ea9c121b63c110ce2b6579b04bcb53</process_definition>
        <sys_created_by>Marc.Mouries</sys_created_by>
        <sys_created_on>2022-05-20 21:06:43</sys_created_on>
        <sys_id>4aead8121b63c110ce2b6579b04bcbea</sys_id>
        <sys_mod_count>0</sys_mod_count>
        <sys_scope/>
        <sys_updated_by>Marc.Mouries</sys_updated_by>
        <sys_updated_on>2022-05-20 21:06:43</sys_updated_on>
        <trigger_definition/>
        <trigger_inputs/>
        <trigger_type display_value="Record Create">ab6951170f1200108c87f4f0ff767e4f</trigger_type>
    </sys_pd_trigger_instance>
    <sys_variable_value action="DELETE" query="document_key=4aead8121b63c110ce2b6579b04bcbea"/>
    <sys_update_version action="INSERT_OR_UPDATE">
        <action>DELETE</action>
        <application display_value="UIB Examples">a0a606201b0f8510ce2b6579b04bcb65</application>
        <file_path/>
        <instance_id>9e5e7297dbf290d89a4dcac5059619d0</instance_id>
        <instance_name>appengine4gov</instance_name>
        <name>sys_pd_process_definition_f5ea9c121b63c110ce2b6579b04bcb53</name>
        <payload><![CDATA[<?xml version="1.0" encoding="UTF-8"?><record_update table="sys_pd_process_definition"><sys_pd_process_definition action="INSERT_OR_UPDATE"><access>public</access><active>true</active><description/><label>intake</label><name>intake</name><snapshot/><status>draft</status><sys_class_name>sys_pd_process_definition</sys_class_name><sys_created_by>Marc.Mouries</sys_created_by><sys_created_on>2022-05-20 21:06:42</sys_created_on><sys_id>f5ea9c121b63c110ce2b6579b04bcb53</sys_id><sys_mod_count>0</sys_mod_count><sys_name>intake</sys_name><sys_package display_value="UIB Examples" source="x_snc_uib_examples">a0a606201b0f8510ce2b6579b04bcb65</sys_package><sys_policy/><sys_scope display_value="UIB Examples">a0a606201b0f8510ce2b6579b04bcb65</sys_scope><sys_update_name>sys_pd_process_definition_f5ea9c121b63c110ce2b6579b04bcb53</sys_update_name><sys_updated_by>Marc.Mouries</sys_updated_by><sys_updated_on>2022-05-20 21:06:43</sys_updated_on></sys_pd_process_definition><sys_pd_process_definition action="INSERT_OR_UPDATE"><access>public</access><active>true</active><description/><label>intake</label><name>intake</name><snapshot/><status>draft</status><sys_class_name>sys_pd_process_definition</sys_class_name><sys_created_by>Marc.Mouries</sys_created_by><sys_created_on>2022-05-20 21:06:42</sys_created_on><sys_id>f5ea9c121b63c110ce2b6579b04bcb53</sys_id><sys_mod_count>0</sys_mod_count><sys_name>intake</sys_name><sys_package display_value="UIB Examples" source="x_snc_uib_examples">a0a606201b0f8510ce2b6579b04bcb65</sys_package><sys_policy/><sys_scope display_value="UIB Examples">a0a606201b0f8510ce2b6579b04bcb65</sys_scope><sys_update_name>sys_pd_process_definition_f5ea9c121b63c110ce2b6579b04bcb53</sys_update_name><sys_updated_by>Marc.Mouries</sys_updated_by><sys_updated_on>2022-05-20 21:06:43</sys_updated_on></sys_pd_process_definition><sys_pd_trigger_instance action="delete_multiple" query="sys_id=4aead8121b63c110ce2b6579b04bcbea^sys_idNOT IN4aead8121b63c110ce2b6579b04bcbea"/><sys_pd_trigger_instance action="INSERT_OR_UPDATE"><label/><name/><process_definition display_value="intake">f5ea9c121b63c110ce2b6579b04bcb53</process_definition><sys_created_by>Marc.Mouries</sys_created_by><sys_created_on>2022-05-20 21:06:43</sys_created_on><sys_id>4aead8121b63c110ce2b6579b04bcbea</sys_id><sys_mod_count>0</sys_mod_count><sys_scope/><sys_updated_by>Marc.Mouries</sys_updated_by><sys_updated_on>2022-05-20 21:06:43</sys_updated_on><trigger_definition/><trigger_inputs/><trigger_type display_value="Record Create">ab6951170f1200108c87f4f0ff767e4f</trigger_type></sys_pd_trigger_instance><sys_variable_value action="delete_multiple" query="document_key=4aead8121b63c110ce2b6579b04bcbea"/></record_update>]]></payload>
        <payload_hash>1166586139</payload_hash>
        <record_name>intake</record_name>
        <reverted_from/>
        <source>a8a606201b0f8510ce2b6579b04bcba5</source>
        <source_table>sys_update_set</source_table>
        <state>previous</state>
        <sys_created_by>Marc.Mouries</sys_created_by>
        <sys_created_on>2022-05-20 21:06:43</sys_created_on>
        <sys_id>82ead8121b63c110ce2b6579b04bcbf0</sys_id>
        <sys_mod_count>0</sys_mod_count>
        <sys_recorded_at>180e34b481d0000001</sys_recorded_at>
        <sys_updated_by>Marc.Mouries</sys_updated_by>
        <sys_updated_on>2022-05-20 21:06:43</sys_updated_on>
        <type>Process Definition</type>
        <update_guid>0aead8124b63c1105022ebde96519bef</update_guid>
        <update_guid_history>0aead8124b63c1105022ebde96519bef:1166586139,4aea5052e463c1105137daf9208b5711:-1324205015</update_guid_history>
    </sys_update_version>
    <sys_metadata_delete action="INSERT_OR_UPDATE">
        <sys_audit_delete/>
        <sys_class_name>sys_metadata_delete</sys_class_name>
        <sys_created_by>Marc.Mouries</sys_created_by>
        <sys_created_on>2022-05-20 21:06:59</sys_created_on>
        <sys_db_object display_value="" name="sys_pd_process_definition">sys_pd_process_definition</sys_db_object>
        <sys_id>0469db42578b46c49c92767be10d2191</sys_id>
        <sys_metadata>f5ea9c121b63c110ce2b6579b04bcb53</sys_metadata>
        <sys_mod_count>0</sys_mod_count>
        <sys_name>intake</sys_name>
        <sys_package display_value="UIB Examples" source="x_snc_uib_examples">a0a606201b0f8510ce2b6579b04bcb65</sys_package>
        <sys_parent/>
        <sys_policy/>
        <sys_scope display_value="UIB Examples">a0a606201b0f8510ce2b6579b04bcb65</sys_scope>
        <sys_scope_delete display_value="">4e87e5c7db26498091c96a6b2a7a0e10</sys_scope_delete>
        <sys_update_name>sys_pd_process_definition_f5ea9c121b63c110ce2b6579b04bcb53</sys_update_name>
        <sys_update_version display_value="sys_pd_process_definition_f5ea9c121b63c110ce2b6579b04bcb53">82ead8121b63c110ce2b6579b04bcbf0</sys_update_version>
        <sys_updated_by>Marc.Mouries</sys_updated_by>
        <sys_updated_on>2022-05-20 21:06:59</sys_updated_on>
    </sys_metadata_delete>
</record_update>
