<?xml version="1.0" encoding="UTF-8"?><record_update table="sys_ux_app_config">
    <sys_ux_app_config action="DELETE">
        <active>true</active>
        <custom_icon/>
        <default_route_type/>
        <description/>
        <encode_query_string>false</encode_query_string>
        <icon/>
        <landing_path>home</landing_path>
        <name>from UIB</name>
        <prefetch_limits/>
        <sys_class_name>sys_ux_app_config</sys_class_name>
        <sys_created_by>Marc.Mouries</sys_created_by>
        <sys_created_on>2022-06-14 00:26:34</sys_created_on>
        <sys_id>63ce204e1bc4d110b00dddf6b04bcb0f</sys_id>
        <sys_mod_count>0</sys_mod_count>
        <sys_name>from UIB</sys_name>
        <sys_package display_value="UIB Examples" source="x_snc_uib_examples">a0a606201b0f8510ce2b6579b04bcb65</sys_package>
        <sys_policy/>
        <sys_scope display_value="UIB Examples">a0a606201b0f8510ce2b6579b04bcb65</sys_scope>
        <sys_update_name>sys_ux_app_config_63ce204e1bc4d110b00dddf6b04bcb0f</sys_update_name>
        <sys_updated_by>Marc.Mouries</sys_updated_by>
        <sys_updated_on>2022-06-14 00:26:34</sys_updated_on>
    </sys_ux_app_config>
    <sys_translated_text action="DELETE" query="documentkey=63ce204e1bc4d110b00dddf6b04bcb0f"/>
<sys_update_version action="INSERT_OR_UPDATE">
        <action>DELETE</action>
        <application display_value="UIB Examples">a0a606201b0f8510ce2b6579b04bcb65</application>
        <file_path/>
        <instance_id>1d68f923dbbe199407072f17d496199e</instance_id>
        <instance_name>appengine4govdemo</instance_name>
        <name>sys_ux_app_config_63ce204e1bc4d110b00dddf6b04bcb0f</name>
        <payload><![CDATA[<?xml version="1.0" encoding="UTF-8"?><record_update table="sys_ux_app_config">
    <sys_ux_app_config action="INSERT_OR_UPDATE">
        <active>true</active>
        <custom_icon/>
        <default_route_type/>
        <description/>
        <encode_query_string>false</encode_query_string>
        <icon/>
        <landing_path>home</landing_path>
        <name>from UIB</name>
        <prefetch_limits/>
        <sys_class_name>sys_ux_app_config</sys_class_name>
        <sys_created_by>Marc.Mouries</sys_created_by>
        <sys_created_on>2022-06-14 00:26:34</sys_created_on>
        <sys_id>63ce204e1bc4d110b00dddf6b04bcb0f</sys_id>
        <sys_mod_count>0</sys_mod_count>
        <sys_name>from UIB</sys_name>
        <sys_package display_value="UIB Examples" source="x_snc_uib_examples">a0a606201b0f8510ce2b6579b04bcb65</sys_package>
        <sys_policy/>
        <sys_scope display_value="UIB Examples">a0a606201b0f8510ce2b6579b04bcb65</sys_scope>
        <sys_update_name>sys_ux_app_config_63ce204e1bc4d110b00dddf6b04bcb0f</sys_update_name>
        <sys_updated_by>Marc.Mouries</sys_updated_by>
        <sys_updated_on>2022-06-14 00:26:34</sys_updated_on>
    </sys_ux_app_config>
    <sys_translated_text action="delete_multiple" query="documentkey=63ce204e1bc4d110b00dddf6b04bcb0f"/>
</record_update>]]></payload>
        <payload_hash>678683367</payload_hash>
        <record_name>from UIB</record_name>
        <reverted_from/>
        <source>02bc5dce470169501706c328436d434b</source>
        <source_table>sys_upgrade_history</source_table>
        <state>previous</state>
        <sys_created_by>Marc.Mouries</sys_created_by>
        <sys_created_on>2023-02-17 17:01:15</sys_created_on>
        <sys_id>c0cc5102474169501706c328436d43ab</sys_id>
        <sys_mod_count>0</sys_mod_count>
        <sys_recorded_at>1866052a9ba0000001</sys_recorded_at>
        <sys_updated_by>Marc.Mouries</sys_updated_by>
        <sys_updated_on>2023-02-17 17:01:15</sys_updated_on>
        <type>UX App Configuration</type>
        <update_guid>80cc510252416950454ea16d132217ab</update_guid>
        <update_guid_history>80cc510252416950454ea16d132217ab:678683367</update_guid_history>
    </sys_update_version>
    <sys_metadata_delete action="INSERT_OR_UPDATE">
        <sys_audit_delete/>
        <sys_class_name>sys_metadata_delete</sys_class_name>
        <sys_created_by>Marc.Mouries</sys_created_by>
        <sys_created_on>2023-09-27 13:26:54</sys_created_on>
        <sys_db_object display_value="" name="sys_ux_app_config">sys_ux_app_config</sys_db_object>
        <sys_id>3cf5f033317348e99f727450ac8bef01</sys_id>
        <sys_metadata>63ce204e1bc4d110b00dddf6b04bcb0f</sys_metadata>
        <sys_mod_count>0</sys_mod_count>
        <sys_name>from UIB</sys_name>
        <sys_package display_value="UIB Examples" source="x_snc_uib_examples">a0a606201b0f8510ce2b6579b04bcb65</sys_package>
        <sys_parent/>
        <sys_policy/>
        <sys_scope display_value="UIB Examples">a0a606201b0f8510ce2b6579b04bcb65</sys_scope>
        <sys_scope_delete display_value="">4e87e5c7db26498091c96a6b2a7a0e10</sys_scope_delete>
        <sys_update_name>sys_ux_app_config_63ce204e1bc4d110b00dddf6b04bcb0f</sys_update_name>
        <sys_update_version display_value="sys_ux_app_config_63ce204e1bc4d110b00dddf6b04bcb0f">c0cc5102474169501706c328436d43ab</sys_update_version>
        <sys_updated_by>Marc.Mouries</sys_updated_by>
        <sys_updated_on>2023-09-27 13:26:54</sys_updated_on>
    </sys_metadata_delete>
</record_update>
