<?xml version="1.0" encoding="UTF-8"?><record_update table="sys_security_acl">
    <sys_security_acl action="DELETE">
        <active>false</active>
        <admin_overrides>true</admin_overrides>
        <advanced>false</advanced>
        <condition/>
        <description/>
        <local_or_existing>Local</local_or_existing>
        <name>edca0ce1476df1105d6c8fd4f16d4345</name>
        <operation display_value="execute">execute</operation>
        <script/>
        <security_attribute/>
        <sys_class_name>sys_security_acl</sys_class_name>
        <sys_created_by>Marc.Mouries</sys_created_by>
        <sys_created_on>2023-09-27 15:05:50</sys_created_on>
        <sys_id>f8d2d4a147adf1105d6c8fd4f16d43f3</sys_id>
        <sys_mod_count>1</sys_mod_count>
        <sys_name>edca0ce1476df1105d6c8fd4f16d4345</sys_name>
        <sys_package display_value="UIB Examples" source="x_snc_uib_examples">a0a606201b0f8510ce2b6579b04bcb65</sys_package>
        <sys_policy/>
        <sys_scope display_value="UIB Examples">a0a606201b0f8510ce2b6579b04bcb65</sys_scope>
        <sys_update_name>sys_security_acl_f8d2d4a147adf1105d6c8fd4f16d43f3</sys_update_name>
        <sys_updated_by>Marc.Mouries</sys_updated_by>
        <sys_updated_on>2023-10-07 15:33:03</sys_updated_on>
        <type display_value="ux_data_broker">6d9c40e9531210101cb3ddeeff7b12f6</type>
    </sys_security_acl>
    <sys_update_version action="INSERT_OR_UPDATE">
        <action>DELETE</action>
        <application display_value="UIB Examples">a0a606201b0f8510ce2b6579b04bcb65</application>
        <file_path/>
        <instance_id>1d68f923dbbe199407072f17d496199e</instance_id>
        <instance_name>appengine4govdemo</instance_name>
        <name>sys_security_acl_f8d2d4a147adf1105d6c8fd4f16d43f3</name>
        <payload><![CDATA[<?xml version="1.0" encoding="UTF-8"?><record_update table="sys_security_acl"><sys_security_acl action="INSERT_OR_UPDATE"><active>false</active><admin_overrides>true</admin_overrides><advanced>false</advanced><condition/><description/><local_or_existing>Local</local_or_existing><name>edca0ce1476df1105d6c8fd4f16d4345</name><operation display_value="execute">execute</operation><script/><security_attribute/><sys_class_name>sys_security_acl</sys_class_name><sys_created_by>Marc.Mouries</sys_created_by><sys_created_on>2023-09-27 15:05:50</sys_created_on><sys_id>f8d2d4a147adf1105d6c8fd4f16d43f3</sys_id><sys_mod_count>1</sys_mod_count><sys_name>edca0ce1476df1105d6c8fd4f16d4345</sys_name><sys_package display_value="UIB Examples" source="x_snc_uib_examples">a0a606201b0f8510ce2b6579b04bcb65</sys_package><sys_policy/><sys_scope display_value="UIB Examples">a0a606201b0f8510ce2b6579b04bcb65</sys_scope><sys_update_name>sys_security_acl_f8d2d4a147adf1105d6c8fd4f16d43f3</sys_update_name><sys_updated_by>Marc.Mouries</sys_updated_by><sys_updated_on>2023-10-07 15:33:03</sys_updated_on><type display_value="ux_data_broker">6d9c40e9531210101cb3ddeeff7b12f6</type></sys_security_acl></record_update>]]></payload>
        <payload_hash>786932795</payload_hash>
        <record_name>edca0ce1476df1105d6c8fd4f16d4345</record_name>
        <reverted_from/>
        <source>a6f4604787c1b15031a07558dabb3574</source>
        <source_table>sys_update_set</source_table>
        <state>previous</state>
        <sys_created_by>Marc.Mouries</sys_created_by>
        <sys_created_on>2023-10-07 15:33:03</sys_created_on>
        <sys_id>ce69b3244731b5505d6c8fd4f16d4383</sys_id>
        <sys_mod_count>0</sys_mod_count>
        <sys_recorded_at>18b0ac5485a0000001</sys_recorded_at>
        <sys_updated_by>Marc.Mouries</sys_updated_by>
        <sys_updated_on>2023-10-07 15:33:03</sys_updated_on>
        <type>Access Control</type>
        <update_guid>4669b324c331b5508d5ee7fa3a807683</update_guid>
        <update_guid_history>4669b324c331b5508d5ee7fa3a807683:786932795,7d43dca161adf11017eadb8de42c11fc:1552539010</update_guid_history>
    </sys_update_version>
    <sys_metadata_delete action="INSERT_OR_UPDATE">
        <sys_audit_delete/>
        <sys_class_name>sys_metadata_delete</sys_class_name>
        <sys_created_by>Marc.Mouries</sys_created_by>
        <sys_created_on>2023-10-07 15:33:16</sys_created_on>
        <sys_db_object display_value="" name="sys_security_acl">sys_security_acl</sys_db_object>
        <sys_id>283eb17a010046e88f41b83dcefbe479</sys_id>
        <sys_metadata>f8d2d4a147adf1105d6c8fd4f16d43f3</sys_metadata>
        <sys_mod_count>0</sys_mod_count>
        <sys_name>edca0ce1476df1105d6c8fd4f16d4345</sys_name>
        <sys_package display_value="UIB Examples" source="x_snc_uib_examples">a0a606201b0f8510ce2b6579b04bcb65</sys_package>
        <sys_parent/>
        <sys_policy/>
        <sys_scope display_value="UIB Examples">a0a606201b0f8510ce2b6579b04bcb65</sys_scope>
        <sys_scope_delete display_value="">4e87e5c7db26498091c96a6b2a7a0e10</sys_scope_delete>
        <sys_update_name>sys_security_acl_f8d2d4a147adf1105d6c8fd4f16d43f3</sys_update_name>
        <sys_update_version display_value="sys_security_acl_f8d2d4a147adf1105d6c8fd4f16d43f3">ce69b3244731b5505d6c8fd4f16d4383</sys_update_version>
        <sys_updated_by>Marc.Mouries</sys_updated_by>
        <sys_updated_on>2023-10-07 15:33:16</sys_updated_on>
    </sys_metadata_delete>
</record_update>
