<?xml version="1.0" encoding="UTF-8"?><record_update>
    <sys_dictionary action="DELETE" element="" extends="cmdb_qb_result_base" table="x_snc_uib_examples_u_cmdb_qb_result_b979f5acfc85563854dd934b335656382d3c7475">
        <active>true</active>
        <array>false</array>
        <attributes>ignore_baseline=true</attributes>
        <audit>false</audit>
        <calculation/>
        <choice>0</choice>
        <choice_field/>
        <choice_table/>
        <column_label/>
        <comments/>
        <create_roles/>
        <default_value/>
        <defaultsort/>
        <delete_roles/>
        <dependent/>
        <dependent_on_field/>
        <display>false</display>
        <dynamic_creation>false</dynamic_creation>
        <dynamic_creation_script/>
        <dynamic_default_value/>
        <dynamic_ref_qual/>
        <element/>
        <element_reference>false</element_reference>
        <foreign_database/>
        <formula/>
        <function_definition/>
        <function_field>false</function_field>
        <internal_type display_value="Collection">collection</internal_type>
        <mandatory>false</mandatory>
        <max_length>40</max_length>
        <name>x_snc_uib_examples_u_cmdb_qb_result_b979f5acfc85563854dd934b335656382d3c7475</name>
        <next_element/>
        <primary>false</primary>
        <read_only>false</read_only>
        <read_roles/>
        <reference/>
        <reference_cascade_rule/>
        <reference_floats>false</reference_floats>
        <reference_key/>
        <reference_qual/>
        <reference_qual_condition/>
        <reference_type/>
        <spell_check>false</spell_check>
        <staged>false</staged>
        <sys_class_name>sys_dictionary</sys_class_name>
        <sys_created_by>admin</sys_created_by>
        <sys_created_on>2023-09-07 08:00:00</sys_created_on>
        <sys_id>010237f24709bd105d6c8fd4f16d43ab</sys_id>
        <sys_name>x_snc_uib_examples_u_cmdb_qb_result_b979f5acfc85563854dd934b335656382d3c7475</sys_name>
        <sys_package display_value="UIB Examples" source="x_snc_uib_examples">a0a606201b0f8510ce2b6579b04bcb65</sys_package>
        <sys_policy/>
        <sys_scope display_value="UIB Examples">a0a606201b0f8510ce2b6579b04bcb65</sys_scope>
        <sys_update_name>sys_dictionary_x_snc_uib_examples_u_cmdb_qb_result_b979f5acfc85563854dd934b335656382d3c7475_null</sys_update_name>
        <sys_updated_by>admin</sys_updated_by>
        <sys_updated_on>2023-09-07 08:00:00</sys_updated_on>
        <table_reference>false</table_reference>
        <text_index>false</text_index>
        <unique>false</unique>
        <use_dependent_field>false</use_dependent_field>
        <use_dynamic_default>false</use_dynamic_default>
        <use_reference_qualifier>simple</use_reference_qualifier>
        <virtual>false</virtual>
        <virtual_type>script</virtual_type>
        <widget/>
        <write_roles/>
        <xml_view>false</xml_view>
    </sys_dictionary>
    <sys_update_version action="INSERT_OR_UPDATE">
        <action>DELETE</action>
        <application display_value="UIB Examples">a0a606201b0f8510ce2b6579b04bcb65</application>
        <file_path/>
        <instance_id>1d68f923dbbe199407072f17d496199e</instance_id>
        <instance_name>appengine4govdemo</instance_name>
        <name>sys_dictionary_x_snc_uib_examples_u_cmdb_qb_result_b979f5acfc85563854dd934b335656382d3c7475_null</name>
        <payload><![CDATA[<?xml version="1.0" encoding="UTF-8"?><record_update><sys_dictionary action="INSERT_OR_UPDATE" element="" extends="cmdb_qb_result_base" table="x_snc_uib_examples_u_cmdb_qb_result_b979f5acfc85563854dd934b335656382d3c7475"><active>true</active><array>false</array><attributes>ignore_baseline=true</attributes><audit>false</audit><calculation/><choice>0</choice><choice_field/><choice_table/><column_label/><comments/><create_roles/><default_value/><defaultsort/><delete_roles/><dependent/><dependent_on_field/><display>false</display><dynamic_creation>false</dynamic_creation><dynamic_creation_script/><dynamic_default_value/><dynamic_ref_qual/><element/><element_reference>false</element_reference><foreign_database/><formula/><function_definition/><function_field>false</function_field><internal_type display_value="Collection">collection</internal_type><mandatory>false</mandatory><max_length>40</max_length><name>x_snc_uib_examples_u_cmdb_qb_result_b979f5acfc85563854dd934b335656382d3c7475</name><next_element/><primary>false</primary><read_only>false</read_only><read_roles/><reference/><reference_cascade_rule/><reference_floats>false</reference_floats><reference_key/><reference_qual/><reference_qual_condition/><reference_type/><spell_check>false</spell_check><staged>false</staged><sys_class_name>sys_dictionary</sys_class_name><sys_created_by>admin</sys_created_by><sys_created_on>2023-09-07 08:00:00</sys_created_on><sys_id>010237f24709bd105d6c8fd4f16d43ab</sys_id><sys_name>x_snc_uib_examples_u_cmdb_qb_result_b979f5acfc85563854dd934b335656382d3c7475</sys_name><sys_package display_value="UIB Examples" source="x_snc_uib_examples">a0a606201b0f8510ce2b6579b04bcb65</sys_package><sys_policy/><sys_scope display_value="UIB Examples">a0a606201b0f8510ce2b6579b04bcb65</sys_scope><sys_update_name>sys_dictionary_x_snc_uib_examples_u_cmdb_qb_result_b979f5acfc85563854dd934b335656382d3c7475_null</sys_update_name><sys_updated_by>admin</sys_updated_by><sys_updated_on>2023-09-07 08:00:00</sys_updated_on><table_reference>false</table_reference><text_index>false</text_index><unique>false</unique><use_dependent_field>false</use_dependent_field><use_dynamic_default>false</use_dynamic_default><use_reference_qualifier>simple</use_reference_qualifier><virtual>false</virtual><virtual_type>script</virtual_type><widget/><write_roles/><xml_view>false</xml_view></sys_dictionary></record_update>]]></payload>
        <payload_hash>382432406</payload_hash>
        <record_name>Insight - Non-cloud Applications-Query Results</record_name>
        <reverted_from/>
        <source>7b8cf3e2876de110e971cb3e0ebb3502</source>
        <source_table>sys_update_set</source_table>
        <state>previous</state>
        <sys_created_by>admin</sys_created_by>
        <sys_created_on>2023-09-07 08:00:00</sys_created_on>
        <sys_id>990277f24709bd105d6c8fd4f16d4315</sys_id>
        <sys_mod_count>0</sys_mod_count>
        <sys_recorded_at>18a6ea7bb530000001</sys_recorded_at>
        <sys_updated_by>admin</sys_updated_by>
        <sys_updated_on>2023-09-07 08:00:00</sys_updated_on>
        <type>Dictionary</type>
        <update_guid>110277f22d09bd109ef00888ac78ca15</update_guid>
        <update_guid_history>110277f22d09bd109ef00888ac78ca15:382432406</update_guid_history>
    </sys_update_version>
    <sys_metadata_delete action="INSERT_OR_UPDATE">
        <sys_audit_delete/>
        <sys_class_name>sys_metadata_delete</sys_class_name>
        <sys_created_by>Marc.Mouries</sys_created_by>
        <sys_created_on>2023-09-27 13:34:54</sys_created_on>
        <sys_db_object display_value="" name="sys_dictionary">sys_dictionary</sys_db_object>
        <sys_id>503ae36c9a3148b88985b97e4ff8bc40</sys_id>
        <sys_metadata>010237f24709bd105d6c8fd4f16d43ab</sys_metadata>
        <sys_mod_count>0</sys_mod_count>
        <sys_name>x_snc_uib_examples_u_cmdb_qb_result_b979f5acfc85563854dd934b335656382d3c7475</sys_name>
        <sys_package display_value="UIB Examples" source="x_snc_uib_examples">a0a606201b0f8510ce2b6579b04bcb65</sys_package>
        <sys_parent display_value="">c90237f24709bd105d6c8fd4f16d43a7</sys_parent>
        <sys_policy/>
        <sys_scope display_value="UIB Examples">a0a606201b0f8510ce2b6579b04bcb65</sys_scope>
        <sys_scope_delete display_value="">4e87e5c7db26498091c96a6b2a7a0e10</sys_scope_delete>
        <sys_update_name>sys_dictionary_x_snc_uib_examples_u_cmdb_qb_result_b979f5acfc85563854dd934b335656382d3c7475_null</sys_update_name>
        <sys_update_version display_value="sys_dictionary_x_snc_uib_examples_u_cmdb_qb_result_b979f5acfc85563854dd934b335656382d3c7475_null">990277f24709bd105d6c8fd4f16d4315</sys_update_version>
        <sys_updated_by>Marc.Mouries</sys_updated_by>
        <sys_updated_on>2023-09-27 13:34:54</sys_updated_on>
    </sys_metadata_delete>
</record_update>
