<?xml version="1.0" encoding="UTF-8"?><record_update sys_domain="global" table="sys_ux_screen">
    <sys_ux_screen action="DELETE">
        <active>true</active>
        <app_config display_value="UIB Examples Config">87178e207f0f85104cd904285d5ebb8b</app_config>
        <description/>
        <event_mappings/>
        <macroponent display_value="Record">f9e9f2bf1bf1d510b00dddf6b04bcbae</macroponent>
        <macroponent_config>{
  "views" : "",
  "selectedTabIndex" : 0,
  "label" : "",
  "bare" : true,
  "scrollable" : "y",
  "headerLevel" : "1",
  "headingOnlyVisibleToScreenReaders" : false,
  "interceptNotifications" : false,
  "propagateNotifications" : false
}</macroponent_config>
        <name>copy of record - 3.0.0 preview.</name>
        <order>9999</order>
        <parent_macroponent display_value="Agent Workspace App Shell">c276387cc331101080d6d3658940ddd2</parent_macroponent>
        <required_translations>[ ]</required_translations>
        <rollback_screen display_value="copy of record">c249fa3f1bf1d510b00dddf6b04bcb39</rollback_screen>
        <screen_condition/>
        <screen_type display_value="Record">83178e20fe0f85104c46ad662d14db8b</screen_type>
        <sys_class_name>sys_ux_screen</sys_class_name>
        <sys_created_by>Marc.Mouries</sys_created_by>
        <sys_created_on>2022-09-14 20:53:33</sys_created_on>
        <sys_domain>global</sys_domain>
        <sys_domain_path>/</sys_domain_path>
        <sys_id>fde9f2bf1bf1d510b00dddf6b04bcbb0</sys_id>
        <sys_mod_count>0</sys_mod_count>
        <sys_name>copy of record - 3.0.0 preview.</sys_name>
        <sys_overrides/>
        <sys_package display_value="UIB Examples" source="x_snc_uib_examples">a0a606201b0f8510ce2b6579b04bcb65</sys_package>
        <sys_policy/>
        <sys_scope display_value="UIB Examples">a0a606201b0f8510ce2b6579b04bcb65</sys_scope>
        <sys_update_name>sys_ux_screen_fde9f2bf1bf1d510b00dddf6b04bcbb0</sys_update_name>
        <sys_updated_by>Marc.Mouries</sys_updated_by>
        <sys_updated_on>2022-09-14 20:53:33</sys_updated_on>
    </sys_ux_screen>
    <sys_translated_text action="DELETE" query="documentkey=fde9f2bf1bf1d510b00dddf6b04bcbb0"/>
    <sys_update_version action="INSERT_OR_UPDATE">
        <action>DELETE</action>
        <application display_value="UIB Examples">a0a606201b0f8510ce2b6579b04bcb65</application>
        <file_path/>
        <instance_id>9e5e7297dbf290d89a4dcac5059619d0</instance_id>
        <instance_name>appengine4gov</instance_name>
        <name>sys_ux_screen_fde9f2bf1bf1d510b00dddf6b04bcbb0</name>
        <payload><![CDATA[<?xml version="1.0" encoding="UTF-8"?><record_update sys_domain="global" table="sys_ux_screen"><sys_ux_screen action="INSERT_OR_UPDATE"><active>true</active><app_config display_value="UIB Examples Config">87178e207f0f85104cd904285d5ebb8b</app_config><description/><event_mappings/><macroponent display_value="Record">f9e9f2bf1bf1d510b00dddf6b04bcbae</macroponent><macroponent_config>{
  "views" : "",
  "selectedTabIndex" : 0,
  "label" : "",
  "bare" : true,
  "scrollable" : "y",
  "headerLevel" : "1",
  "headingOnlyVisibleToScreenReaders" : false,
  "interceptNotifications" : false,
  "propagateNotifications" : false
}</macroponent_config><name>copy of record - 3.0.0 preview.</name><order>9999</order><parent_macroponent display_value="Agent Workspace App Shell">c276387cc331101080d6d3658940ddd2</parent_macroponent><required_translations>[ ]</required_translations><rollback_screen display_value="copy of record">c249fa3f1bf1d510b00dddf6b04bcb39</rollback_screen><screen_condition/><screen_type display_value="Record">83178e20fe0f85104c46ad662d14db8b</screen_type><sys_class_name>sys_ux_screen</sys_class_name><sys_created_by>Marc.Mouries</sys_created_by><sys_created_on>2022-09-14 20:53:33</sys_created_on><sys_domain>global</sys_domain><sys_domain_path>/</sys_domain_path><sys_id>fde9f2bf1bf1d510b00dddf6b04bcbb0</sys_id><sys_mod_count>0</sys_mod_count><sys_name>copy of record - 3.0.0 preview.</sys_name><sys_overrides/><sys_package display_value="UIB Examples" source="x_snc_uib_examples">a0a606201b0f8510ce2b6579b04bcb65</sys_package><sys_policy/><sys_scope display_value="UIB Examples">a0a606201b0f8510ce2b6579b04bcb65</sys_scope><sys_update_name>sys_ux_screen_fde9f2bf1bf1d510b00dddf6b04bcbb0</sys_update_name><sys_updated_by>Marc.Mouries</sys_updated_by><sys_updated_on>2022-09-14 20:53:33</sys_updated_on></sys_ux_screen><sys_translated_text action="delete_multiple" query="documentkey=fde9f2bf1bf1d510b00dddf6b04bcbb0"/></record_update>]]></payload>
        <payload_hash>-1193646237</payload_hash>
        <record_name>copy of record - 3.0.0 preview.</record_name>
        <reverted_from/>
        <source>a8a606201b0f8510ce2b6579b04bcba5</source>
        <source_table>sys_update_set</source_table>
        <state>previous</state>
        <sys_created_by>Marc.Mouries</sys_created_by>
        <sys_created_on>2022-09-14 20:53:33</sys_created_on>
        <sys_id>86e9f2bf1bf1d510b00dddf6b04bcbb3</sys_id>
        <sys_mod_count>0</sys_mod_count>
        <sys_recorded_at>1833dc747030000001</sys_recorded_at>
        <sys_updated_by>Marc.Mouries</sys_updated_by>
        <sys_updated_on>2022-09-14 20:53:33</sys_updated_on>
        <type>UX Screen</type>
        <update_guid>8ee9f2bfe0f1d510fb2c84e807ec4eb2</update_guid>
        <update_guid_history>8ee9f2bfe0f1d510fb2c84e807ec4eb2:-1193646237</update_guid_history>
    </sys_update_version>
    <sys_metadata_delete action="INSERT_OR_UPDATE">
        <sys_audit_delete/>
        <sys_class_name>sys_metadata_delete</sys_class_name>
        <sys_created_by>Marc.Mouries</sys_created_by>
        <sys_created_on>2022-09-14 21:15:18</sys_created_on>
        <sys_db_object display_value="" name="sys_ux_screen">sys_ux_screen</sys_db_object>
        <sys_id>84b911e4f4da4dafaf9810acc1f15ae1</sys_id>
        <sys_metadata>fde9f2bf1bf1d510b00dddf6b04bcbb0</sys_metadata>
        <sys_mod_count>0</sys_mod_count>
        <sys_name>copy of record - 3.0.0 preview.</sys_name>
        <sys_package display_value="UIB Examples" source="x_snc_uib_examples">a0a606201b0f8510ce2b6579b04bcb65</sys_package>
        <sys_parent/>
        <sys_policy/>
        <sys_scope display_value="UIB Examples">a0a606201b0f8510ce2b6579b04bcb65</sys_scope>
        <sys_scope_delete display_value="">4e87e5c7db26498091c96a6b2a7a0e10</sys_scope_delete>
        <sys_update_name>sys_ux_screen_fde9f2bf1bf1d510b00dddf6b04bcbb0</sys_update_name>
        <sys_update_version display_value="sys_ux_screen_fde9f2bf1bf1d510b00dddf6b04bcbb0">86e9f2bf1bf1d510b00dddf6b04bcbb3</sys_update_version>
        <sys_updated_by>Marc.Mouries</sys_updated_by>
        <sys_updated_on>2022-09-14 21:15:18</sys_updated_on>
    </sys_metadata_delete>
</record_update>
