<?xml version="1.0" encoding="UTF-8"?><record_update sys_domain="global" table="sys_ux_page_property">
    <sys_ux_page_property action="DELETE">
        <choices/>
        <description/>
        <name/>
        <page display_value="from UIB">2fcea04e1bc4d110b00dddf6b04bcb5b</page>
        <required_translations/>
        <route/>
        <suffix/>
        <sys_class_name>sys_ux_page_property</sys_class_name>
        <sys_created_by>Marc.Mouries</sys_created_by>
        <sys_created_on>2022-06-14 00:28:42</sys_created_on>
        <sys_domain>global</sys_domain>
        <sys_domain_path>global</sys_domain_path>
        <sys_id>7a4fe84e1bc4d110b00dddf6b04bcb94</sys_id>
        <sys_mod_count>0</sys_mod_count>
        <sys_name/>
        <sys_package display_value="UIB Examples" source="x_snc_uib_examples">a0a606201b0f8510ce2b6579b04bcb65</sys_package>
        <sys_policy/>
        <sys_scope display_value="UIB Examples">a0a606201b0f8510ce2b6579b04bcb65</sys_scope>
        <sys_update_name>sys_ux_page_property_7a4fe84e1bc4d110b00dddf6b04bcb94</sys_update_name>
        <sys_updated_by>Marc.Mouries</sys_updated_by>
        <sys_updated_on>2022-06-14 00:28:42</sys_updated_on>
        <type>string</type>
        <unique_name/>
        <value/>
    </sys_ux_page_property>
    <sys_translated_text action="DELETE" query="documentkey=7a4fe84e1bc4d110b00dddf6b04bcb94"/>
<sys_update_version action="INSERT_OR_UPDATE">
        <action>DELETE</action>
        <application display_value="UIB Examples">a0a606201b0f8510ce2b6579b04bcb65</application>
        <file_path/>
        <instance_id>1d68f923dbbe199407072f17d496199e</instance_id>
        <instance_name>appengine4govdemo</instance_name>
        <name>sys_ux_page_property_7a4fe84e1bc4d110b00dddf6b04bcb94</name>
        <payload><![CDATA[<?xml version="1.0" encoding="UTF-8"?><record_update sys_domain="global" table="sys_ux_page_property">
    <sys_ux_page_property action="INSERT_OR_UPDATE">
        <choices/>
        <description/>
        <name/>
        <page display_value="from UIB">2fcea04e1bc4d110b00dddf6b04bcb5b</page>
        <required_translations/>
        <route/>
        <suffix/>
        <sys_class_name>sys_ux_page_property</sys_class_name>
        <sys_created_by>Marc.Mouries</sys_created_by>
        <sys_created_on>2022-06-14 00:28:42</sys_created_on>
        <sys_domain>global</sys_domain>
        <sys_domain_path>global</sys_domain_path>
        <sys_id>7a4fe84e1bc4d110b00dddf6b04bcb94</sys_id>
        <sys_mod_count>0</sys_mod_count>
        <sys_name/>
        <sys_package display_value="UIB Examples" source="x_snc_uib_examples">a0a606201b0f8510ce2b6579b04bcb65</sys_package>
        <sys_policy/>
        <sys_scope display_value="UIB Examples">a0a606201b0f8510ce2b6579b04bcb65</sys_scope>
        <sys_update_name>sys_ux_page_property_7a4fe84e1bc4d110b00dddf6b04bcb94</sys_update_name>
        <sys_updated_by>Marc.Mouries</sys_updated_by>
        <sys_updated_on>2022-06-14 00:28:42</sys_updated_on>
        <type>string</type>
        <unique_name/>
        <value/>
    </sys_ux_page_property>
    <sys_translated_text action="delete_multiple" query="documentkey=7a4fe84e1bc4d110b00dddf6b04bcb94"/>
</record_update>]]></payload>
        <payload_hash>1250996536</payload_hash>
        <record_name/>
        <reverted_from/>
        <source>02bc5dce470169501706c328436d434b</source>
        <source_table>sys_upgrade_history</source_table>
        <state>previous</state>
        <sys_created_by>Marc.Mouries</sys_created_by>
        <sys_created_on>2023-02-17 17:01:30</sys_created_on>
        <sys_id>fbccd502474169501706c328436d43b8</sys_id>
        <sys_mod_count>0</sys_mod_count>
        <sys_recorded_at>1866052e5570000001</sys_recorded_at>
        <sys_updated_by>Marc.Mouries</sys_updated_by>
        <sys_updated_on>2023-02-17 17:01:30</sys_updated_on>
        <type>UX Page Property</type>
        <update_guid>bbccd502bb416950ecf9232984bfaab8</update_guid>
        <update_guid_history>bbccd502bb416950ecf9232984bfaab8:1250996536</update_guid_history>
    </sys_update_version>
    <sys_metadata_delete action="INSERT_OR_UPDATE">
        <sys_audit_delete/>
        <sys_class_name>sys_metadata_delete</sys_class_name>
        <sys_created_by>Marc.Mouries</sys_created_by>
        <sys_created_on>2023-09-27 13:26:53</sys_created_on>
        <sys_db_object display_value="" name="sys_ux_page_property">sys_ux_page_property</sys_db_object>
        <sys_id>d4ed8b9eeda64700a6ceed7bf4ae4000</sys_id>
        <sys_metadata>7a4fe84e1bc4d110b00dddf6b04bcb94</sys_metadata>
        <sys_mod_count>0</sys_mod_count>
        <sys_name/>
        <sys_package display_value="UIB Examples" source="x_snc_uib_examples">a0a606201b0f8510ce2b6579b04bcb65</sys_package>
        <sys_parent/>
        <sys_policy/>
        <sys_scope display_value="UIB Examples">a0a606201b0f8510ce2b6579b04bcb65</sys_scope>
        <sys_scope_delete display_value="">4e87e5c7db26498091c96a6b2a7a0e10</sys_scope_delete>
        <sys_update_name>sys_ux_page_property_7a4fe84e1bc4d110b00dddf6b04bcb94</sys_update_name>
        <sys_update_version display_value="sys_ux_page_property_7a4fe84e1bc4d110b00dddf6b04bcb94">fbccd502474169501706c328436d43b8</sys_update_version>
        <sys_updated_by>Marc.Mouries</sys_updated_by>
        <sys_updated_on>2023-09-27 13:26:53</sys_updated_on>
    </sys_metadata_delete>
</record_update>
