<?xml version="1.0" encoding="UTF-8"?><record_update table="sys_ux_data_broker_transform">
    <sys_ux_data_broker_transform action="DELETE">
        <acl_failure_result/>
        <api_name>x_snc_uib_examples.test</api_name>
        <description/>
        <mutates_server_data>false</mutates_server_data>
        <name>test</name>
        <output_schema/>
        <private>false</private>
        <props/>
        <required_translations>[ ]</required_translations>
        <schema_version>1.0.0</schema_version>
        <script/>
        <sys_class_name>sys_ux_data_broker_transform</sys_class_name>
        <sys_created_by>Marc.Mouries</sys_created_by>
        <sys_created_on>2023-10-07 14:24:13</sys_created_on>
        <sys_id>70a92b2447bd75505d6c8fd4f16d4305</sys_id>
        <sys_mod_count>0</sys_mod_count>
        <sys_name>test</sys_name>
        <sys_package display_value="UIB Examples" source="x_snc_uib_examples">a0a606201b0f8510ce2b6579b04bcb65</sys_package>
        <sys_policy/>
        <sys_scope display_value="UIB Examples">a0a606201b0f8510ce2b6579b04bcb65</sys_scope>
        <sys_update_name>sys_ux_data_broker_transform_70a92b2447bd75505d6c8fd4f16d4305</sys_update_name>
        <sys_updated_by>Marc.Mouries</sys_updated_by>
        <sys_updated_on>2023-10-07 14:24:13</sys_updated_on>
    </sys_ux_data_broker_transform>
    <sys_translated_text action="DELETE" query="documentkey=70a92b2447bd75505d6c8fd4f16d4305"/>
    <sys_update_version action="INSERT_OR_UPDATE">
        <action>DELETE</action>
        <application display_value="UIB Examples">a0a606201b0f8510ce2b6579b04bcb65</application>
        <file_path/>
        <instance_id>1d68f923dbbe199407072f17d496199e</instance_id>
        <instance_name>appengine4govdemo</instance_name>
        <name>sys_ux_data_broker_transform_70a92b2447bd75505d6c8fd4f16d4305</name>
        <payload><![CDATA[<?xml version="1.0" encoding="UTF-8"?><record_update table="sys_ux_data_broker_transform"><sys_ux_data_broker_transform action="INSERT_OR_UPDATE"><acl_failure_result/><api_name>x_snc_uib_examples.test</api_name><description/><mutates_server_data>false</mutates_server_data><name>test</name><output_schema/><private>false</private><props/><required_translations>[ ]</required_translations><schema_version>1.0.0</schema_version><script/><sys_class_name>sys_ux_data_broker_transform</sys_class_name><sys_created_by>Marc.Mouries</sys_created_by><sys_created_on>2023-10-07 14:24:13</sys_created_on><sys_id>70a92b2447bd75505d6c8fd4f16d4305</sys_id><sys_mod_count>0</sys_mod_count><sys_name>test</sys_name><sys_package display_value="UIB Examples" source="x_snc_uib_examples">a0a606201b0f8510ce2b6579b04bcb65</sys_package><sys_policy/><sys_scope display_value="UIB Examples">a0a606201b0f8510ce2b6579b04bcb65</sys_scope><sys_update_name>sys_ux_data_broker_transform_70a92b2447bd75505d6c8fd4f16d4305</sys_update_name><sys_updated_by>Marc.Mouries</sys_updated_by><sys_updated_on>2023-10-07 14:24:13</sys_updated_on></sys_ux_data_broker_transform><sys_translated_text action="delete_multiple" query="documentkey=70a92b2447bd75505d6c8fd4f16d4305"/></record_update>]]></payload>
        <payload_hash>1046886649</payload_hash>
        <record_name>test</record_name>
        <reverted_from/>
        <source>a6f4604787c1b15031a07558dabb3574</source>
        <source_table>sys_update_set</source_table>
        <state>previous</state>
        <sys_created_by>Marc.Mouries</sys_created_by>
        <sys_created_on>2023-10-07 14:24:14</sys_created_on>
        <sys_id>02a96f2847bd75505d6c8fd4f16d4331</sys_id>
        <sys_mod_count>0</sys_mod_count>
        <sys_recorded_at>18b0a8647100000001</sys_recorded_at>
        <sys_updated_by>Marc.Mouries</sys_updated_by>
        <sys_updated_on>2023-10-07 14:24:14</sys_updated_on>
        <type>Data Broker Server Script</type>
        <update_guid>06a96f28fdbd755025d85e33593f8330</update_guid>
        <update_guid_history>06a96f28fdbd755025d85e33593f8330:1046886649</update_guid_history>
    </sys_update_version>
    <sys_metadata_delete action="INSERT_OR_UPDATE">
        <sys_audit_delete/>
        <sys_class_name>sys_metadata_delete</sys_class_name>
        <sys_created_by>Marc.Mouries</sys_created_by>
        <sys_created_on>2023-10-07 14:25:43</sys_created_on>
        <sys_db_object display_value="" name="sys_ux_data_broker_transform">sys_ux_data_broker_transform</sys_db_object>
        <sys_id>0d3922157adb4478b3a915b82eb414e1</sys_id>
        <sys_metadata>70a92b2447bd75505d6c8fd4f16d4305</sys_metadata>
        <sys_mod_count>0</sys_mod_count>
        <sys_name>test</sys_name>
        <sys_package display_value="UIB Examples" source="x_snc_uib_examples">a0a606201b0f8510ce2b6579b04bcb65</sys_package>
        <sys_parent/>
        <sys_policy/>
        <sys_scope display_value="UIB Examples">a0a606201b0f8510ce2b6579b04bcb65</sys_scope>
        <sys_scope_delete display_value="">4e87e5c7db26498091c96a6b2a7a0e10</sys_scope_delete>
        <sys_update_name>sys_ux_data_broker_transform_70a92b2447bd75505d6c8fd4f16d4305</sys_update_name>
        <sys_update_version display_value="sys_ux_data_broker_transform_70a92b2447bd75505d6c8fd4f16d4305">02a96f2847bd75505d6c8fd4f16d4331</sys_update_version>
        <sys_updated_by>Marc.Mouries</sys_updated_by>
        <sys_updated_on>2023-10-07 14:25:43</sys_updated_on>
    </sys_metadata_delete>
</record_update>
