<?xml version="1.0" encoding="UTF-8"?><record_update table="gsw_change_log">
    <gsw_change_log action="INSERT_OR_UPDATE">
        <change_date>2022-05-24 12:49:35</change_date>
        <changed_by display_value="Marc Mouries">6bb730821b14301028a42024604bcb02</changed_by>
        <content display_value="Configure environments">ac10690f9b0770100290af417ef04bab</content>
        <related_change_log_entry/>
        <related_task_entry/>
        <sys_class_name>gsw_change_log</sys_class_name>
        <sys_created_by>Marc.Mouries</sys_created_by>
        <sys_created_on>2022-05-24 12:49:35</sys_created_on>
        <sys_id>727fcb131ba70910ce2b6579b04bcb09</sys_id>
        <sys_mod_count>0</sys_mod_count>
        <sys_name>2022-05-24 12:49:35</sys_name>
        <sys_package display_value="UIB Examples" source="x_snc_uib_examples">a0a606201b0f8510ce2b6579b04bcb65</sys_package>
        <sys_policy/>
        <sys_scope display_value="UIB Examples">a0a606201b0f8510ce2b6579b04bcb65</sys_scope>
        <sys_update_name>gsw_change_log_727fcb131ba70910ce2b6579b04bcb09</sys_update_name>
        <sys_updated_by>Marc.Mouries</sys_updated_by>
        <sys_updated_on>2022-05-24 12:49:35</sys_updated_on>
        <type>1</type>
    </gsw_change_log>
</record_update>
