<?xml version="1.0" encoding="UTF-8"?><record_update sys_domain="global" table="m2m_app_config_theme">
    <m2m_app_config_theme action="INSERT_OR_UPDATE">
        <applicability/>
        <order>0</order>
        <sys_class_name>m2m_app_config_theme</sys_class_name>
        <sys_created_by>Marc.Mouries</sys_created_by>
        <sys_created_on>2022-04-20 21:58:42</sys_created_on>
        <sys_domain>global</sys_domain>
        <sys_domain_path>/</sys_domain_path>
        <sys_id>47178e20df0f8510fa10b4ae07fa508b</sys_id>
        <sys_mod_count>0</sys_mod_count>
        <sys_name/>
        <sys_overrides/>
        <sys_package display_value="UIB Examples" source="x_snc_uib_examples">a0a606201b0f8510ce2b6579b04bcb65</sys_package>
        <sys_policy/>
        <sys_scope display_value="UIB Examples">a0a606201b0f8510ce2b6579b04bcb65</sys_scope>
        <sys_update_name>m2m_app_config_theme_47178e20df0f8510fa10b4ae07fa508b</sys_update_name>
        <sys_updated_by>Marc.Mouries</sys_updated_by>
        <sys_updated_on>2022-04-20 21:58:42</sys_updated_on>
        <theme display_value="Starter Workspace Theme">cb178e200a0f85101898a9e6b85eb18b</theme>
        <ux_app_configuration display_value="UIB Examples Config">87178e207f0f85104cd904285d5ebb8b</ux_app_configuration>
    </m2m_app_config_theme>
</record_update>
