<?xml version="1.0" encoding="UTF-8"?><record_update table="sys_ux_client_script">
    <sys_ux_client_script action="INSERT_OR_UPDATE">
        <includes/>
        <macroponent display_value="Record">0e49fa3f1bf1d510b00dddf6b04bcb36</macroponent>
        <name>showOnloadAlerts</name>
        <preset/>
        <required_translations>[ ]</required_translations>
        <script><![CDATA[function handler({api,event,imports}) {
  var paramsString = api.context.props.extraParams,
    paramsObj = paramsString?.split('/'),
    alerts;

  if (!paramsObj || !paramsObj.length || (paramsObj.indexOf('alerts') < 0)) return;

  alerts = paramsObj[paramsObj.indexOf('alerts') + 1];
  try {
    alerts = JSON.parse(alerts);
  } catch(e) {}

  if (!alerts)
    return;
  if (typeof alerts == 'string') {
    alerts = [{
      id: "record-alert-1",
      status: "info",
      icon: "info-circle-outline",
      content: alerts,
      action: {
        type: "dismiss"
      }
    }];
  }
  api.emit('NOW_UXF_PAGE#ADD_NOTIFICATIONS', {
    items: alerts
  });
}]]></script>
        <script_api_version>2.0.0</script_api_version>
        <sys_class_name>sys_ux_client_script</sys_class_name>
        <sys_created_by>Marc.Mouries</sys_created_by>
        <sys_created_on>2022-09-14 20:50:51</sys_created_on>
        <sys_id>d649fe3f1bf1d510b00dddf6b04bcb5b</sys_id>
        <sys_mod_count>1</sys_mod_count>
        <sys_name>showOnloadAlerts</sys_name>
        <sys_package display_value="UIB Examples" source="x_snc_uib_examples">a0a606201b0f8510ce2b6579b04bcb65</sys_package>
        <sys_policy/>
        <sys_scope display_value="UIB Examples">a0a606201b0f8510ce2b6579b04bcb65</sys_scope>
        <sys_update_name>sys_ux_client_script_d649fe3f1bf1d510b00dddf6b04bcb5b</sys_update_name>
        <sys_updated_by>Marc.Mouries</sys_updated_by>
        <sys_updated_on>2022-09-14 21:15:14</sys_updated_on>
        <target>macroponent</target>
        <type>default</type>
    </sys_ux_client_script>
</record_update>
