<?xml version="1.0" encoding="UTF-8"?><record_update table="sys_ux_client_script">
    <sys_ux_client_script action="INSERT_OR_UPDATE">
        <includes>e75113c0c3302010de10a0f89d40dd0e</includes>
        <macroponent display_value="Record">f9e9f2bf1bf1d510b00dddf6b04bcbae</macroponent>
        <name>recordUserPrefState</name>
        <preset/>
        <required_translations/>
        <script><![CDATA[/**
 * @param {params} params
 * @param {api} params.api
 * @param {any} params.event
 * @param {any} params.imports
 */
function handler({api, event, helpers, imports}) {
    // event name
    const eventName = event.name;

    // import the getUserPreference method from userPreferenceUtils script includes
    const {
        getUserPreference
    } = imports["sn_uib_base_aw.userPreferenceUtils"](api.context.props.userPrefs);

    const COMPACT_PREF_NAME = "glide.ui.compact";
    const isCompact = getUserPreference(COMPACT_PREF_NAME);

    // Sidebar specific constants
    const DEFAULT_RATIO_OPEN =  75;
    const DEFAULT_POSITION_CLOSED =  isCompact ? "-40px" : "-48px";
    const SIDEBAR_CLOSED_CONSTRAINT =  {  "minPixels": isCompact ? 40 : 48 };
    const SIDEBAR_OPEN_CONSTRAINT =  { "minRatio": 20, "minPixels": 370 };

    /**
     * setRibbonCollapsedState - Allows ribbon userPref to be toggled from the settings menu
     */
    const setRibbonCollapsedState = () => {
        // preference name
        const SHOW_RIBBON_PREF_NAME = "workspace.showRibbon";

        // fetch the user's show ribbon preference value
        const showRibbon = getUserPreference(SHOW_RIBBON_PREF_NAME);

        // set the showRibbon to isRibbonCollapsed in state properties
        api.setState('isRibbonCollapsed', !showRibbon);
    };

    /**
     * onLoadSidebarState - When page is loading, either a defined user pref is read for the sidebar ratio,
     * the preference name is initially built since the table name is part of the user pref name
     */
    const onLoadSidebarState = () => {
        // Build the user pref name for this preference at initialization time
        const PREFIX = "workspace.layout.sidebar_ratio.";
        const table = api.context.props.table || 'global';
        const sidebarRatioPreference = PREFIX + table;

        //Only lookup the preference if it isn't in state
        if (api.state.sidebarRatioPreference != sidebarRatioPreference) {
            // save the preference name in a client state variable, which is bound to the data resouce getSidebarRatioPreference
            // changing this will invoke the data resource 
            api.setState('sidebarRatioPreference', sidebarRatioPreference);
        }
    };

    /**
     * toggleSidebar - toggle the sidebar based on whether the sidebar is shown or hidden
     */
    const toggleSidebar = (isHidden) => {
        if (isHidden) {
            // If the savedSidebarRatio has not been initialized before hiding the element
            // then save it before collapsing the sidebar.
            if(!api.state.sidebarRatioSaved)
                api.setState('sidebarRatioSaved', api.state.sidebarDividerPosition);

            // close the sidebar
            api.setState("sidebarPaneContraints", SIDEBAR_CLOSED_CONSTRAINT);
            api.setState("sidebarDividerPosition", DEFAULT_POSITION_CLOSED);
        } else {
            // open the sidebar
            api.setState("sidebarPaneContraints", SIDEBAR_OPEN_CONSTRAINT);
            api.setState("sidebarDividerPosition", api.state.sidebarRatioSaved);
        }
        api.setState("sidebarDisabled", isHidden);
    };

    /**
     * onChangeSidebarState - As a result of user pref setting toggle action, set the state of the sidebar
     */
    const onChangeSidebarState = () => {
        // preference name
        const SHOW_SIDEBAR_PREF_NAME = "workspace.showAgentAssist";

        // fetch the user's show sidebar preference value
        const pref = getUserPreference(SHOW_SIDEBAR_PREF_NAME);

        // set the showRibbon to isRibbonCollapsed in state properties
        toggleSidebar(!pref);
    };

    /**
     * onToggleSidebar - As a result of icon based toggle user action, set the state of the sidebar
     */
    const onToggleSidebar = () => {
        const { sidebarActiveTab, sidebarDisabled } = api.state;
        const { name } = event.payload;
        const isHidden = (name == sidebarActiveTab && !sidebarDisabled);
        toggleSidebar(isHidden);
    };

    /**
     * onLoadUserPreference - Determine whether to show the sidebar for new or users who do not have userPrefs saved
     */
    const onLoadUserPreference = (userPref) => {
        // preference name
        const SHOW_SIDEBAR_PREF_NAME = "workspace.showAgentAssist";

        // fetch the user's show sidebar preference value
        const sidebarOn = getUserPreference(SHOW_SIDEBAR_PREF_NAME);

        // Startup determination of sidebar status, driven first by menu toggle, then by possibly save pref value
        let position;
        const sidebarRatioSaved = (userPref.length > 0 && userPref[0].value) ? userPref[0].value : DEFAULT_RATIO_OPEN;
        if (sidebarOn) {
              position =  sidebarRatioSaved;
        } else {
              position = DEFAULT_POSITION_CLOSED;
              api.setState("sidebarPaneContraints", SIDEBAR_CLOSED_CONSTRAINT);
        }

        /* Persist the sidebar status in client state variables
         * + sidebarDisabled: sidebar collapse if true, expanded if false
         * + sidebarDividerPosition: real sidebar position, takes value of
         *  - either DEFAULT_POSITION_CLOSED when collapsed
         *  - or sidebarRatioSaved when expanded
         * + sidebarRatioSaved: the width sidebar should be when expanded
        */
        api.setState('sidebarDisabled', !sidebarOn);
        api.setState('sidebarDividerPosition', position);
        api.setState('sidebarRatioSaved', sidebarRatioSaved);
    };

    const sidebarViewportsConfigured = () => {
        let viewports = api.viewports;

        if (!viewports || !viewports.isRouteInitializationCompleted)
            return false;
        
        if (viewports.contextual_sidebar.hasRoutes)
            return true;
    }

    // handle the user pref states based on one of the following changes: the macroponent ready event, 
    // macroponent property change event; sidebar icon clicks and the user pref  fetch succeded
    switch(eventName) {
        case 'MACROPONENT_VIEWPORT_ROUTE_INITIALIZATION_COMPLETED':
            // viewports object is ready, now check for active screens, and manipulate sidebar only if there are active screens
            if (sidebarViewportsConfigured())
                onLoadSidebarState();
            break;

        case 'MACROPONENT_READY':
            setRibbonCollapsedState();
            break;

        case 'MACROPONENT_PROPERTY_CHANGED':
            if (event.payload.name === 'userPrefs') {
                setRibbonCollapsedState();
                if (sidebarViewportsConfigured())
                    onChangeSidebarState();
            }
            break;

        case 'NOW_RECORD_COMMON_SIDEBAR#ACTION_CLICKED':
            onToggleSidebar();
            break;

        case 'DATA_FETCH_SUCCEEDED':
            if (event.elementId === 'getSidebarRatioPreference') 
                onLoadUserPreference(api.data.getSidebarRatioPreference.result.preferences);
            break;

        default:
            break;
    }
}]]></script>
        <script_api_version>2.0.0</script_api_version>
        <sys_class_name>sys_ux_client_script</sys_class_name>
        <sys_created_by>Marc.Mouries</sys_created_by>
        <sys_created_on>2022-09-14 20:53:35</sys_created_on>
        <sys_id>a2e936bf1bf1d510b00dddf6b04bcb32</sys_id>
        <sys_mod_count>0</sys_mod_count>
        <sys_name>recordUserPrefState</sys_name>
        <sys_package display_value="UIB Examples" source="x_snc_uib_examples">a0a606201b0f8510ce2b6579b04bcb65</sys_package>
        <sys_policy/>
        <sys_scope display_value="UIB Examples">a0a606201b0f8510ce2b6579b04bcb65</sys_scope>
        <sys_update_name>sys_ux_client_script_a2e936bf1bf1d510b00dddf6b04bcb32</sys_update_name>
        <sys_updated_by>Marc.Mouries</sys_updated_by>
        <sys_updated_on>2022-09-14 20:53:35</sys_updated_on>
        <target>macroponent</target>
        <type>default</type>
    </sys_ux_client_script>
</record_update>
