<?xml version="1.0" encoding="UTF-8"?><record_update table="sys_ui_view">
    <sys_ui_view action="INSERT_OR_UPDATE">
        <group/>
        <hidden>false</hidden>
        <name>Workspace-UIB-Examples-0</name>
        <roles/>
        <sys_class_name>sys_ui_view</sys_class_name>
        <sys_created_by>Marc.Mouries</sys_created_by>
        <sys_created_on>2022-12-12 14:49:15</sys_created_on>
        <sys_id>dd0c7b5c1bfb91d0ce2b6579b04bcbf1</sys_id>
        <sys_mod_count>0</sys_mod_count>
        <sys_name>Workspace UIB Examples 0</sys_name>
        <sys_package display_value="UIB Examples" source="x_snc_uib_examples">a0a606201b0f8510ce2b6579b04bcb65</sys_package>
        <sys_policy/>
        <sys_scope display_value="UIB Examples">a0a606201b0f8510ce2b6579b04bcb65</sys_scope>
        <sys_update_name>sys_ui_view_dd0c7b5c1bfb91d0ce2b6579b04bcbf1</sys_update_name>
        <sys_updated_by>Marc.Mouries</sys_updated_by>
        <sys_updated_on>2022-12-12 14:49:15</sys_updated_on>
        <title>Workspace UIB Examples 0</title>
        <user/>
    </sys_ui_view>
</record_update>
