<?xml version="1.0" encoding="UTF-8"?><record_update table="sys_ux_client_script">
    <sys_ux_client_script action="INSERT_OR_UPDATE">
        <includes/>
        <macroponent display_value="Update a record">2d2e73481b33c910b00dddf6b04bcb67</macroponent>
        <name>Update Property</name>
        <preset/>
        <required_translations>[ ]</required_translations>
        <script><![CDATA[/**
 * @param {params} params
 * @param {api} params.api
 * @param {any} params.event
 * @param {any} params.imports
 * @param {ApiHelpers} params.helpers
 */
function handler({api,event, helpers, imports}) {
    let fields = "value=" + api.state.date_format;

    api.data.update_record_1.execute({
        table: "sys_properties",
        recordId : api.data.getsystemproperty.output.sysId,
        templateFields: fields,
        useSetDisplayValue: false
    });
}]]></script>
        <script_api_version>2.0.0</script_api_version>
        <sys_class_name>sys_ux_client_script</sys_class_name>
        <sys_created_by>Marc.Mouries</sys_created_by>
        <sys_created_on>2022-05-27 13:03:56</sys_created_on>
        <sys_id>5a8fee5c1bfbc910b00dddf6b04bcb4d</sys_id>
        <sys_mod_count>24</sys_mod_count>
        <sys_name>Update Property</sys_name>
        <sys_package display_value="UIB Examples" source="x_snc_uib_examples">a0a606201b0f8510ce2b6579b04bcb65</sys_package>
        <sys_policy/>
        <sys_scope display_value="UIB Examples">a0a606201b0f8510ce2b6579b04bcb65</sys_scope>
        <sys_update_name>sys_ux_client_script_5a8fee5c1bfbc910b00dddf6b04bcb4d</sys_update_name>
        <sys_updated_by>Marc.Mouries</sys_updated_by>
        <sys_updated_on>2022-05-30 03:43:23</sys_updated_on>
        <target>macroponent</target>
        <type>default</type>
    </sys_ux_client_script>
</record_update>
