<?xml version="1.0" encoding="UTF-8"?><record_update>
    <sys_ui_section caption="" section_id="83819ced476df1105d6c8fd4f16d43a3" sys_domain="global" table="x_snc_uib_examples_example" version="3" view="">
        <sys_ui_element action="INSERT_OR_UPDATE">
            <element>name</element>
            <position>0</position>
            <sys_created_by>Marc.Mouries</sys_created_by>
            <sys_created_on>2023-09-27 14:58:15</sys_created_on>
            <sys_id>cb81dced476df1105d6c8fd4f16d433b</sys_id>
            <sys_mod_count>0</sys_mod_count>
            <sys_ui_formatter/>
            <sys_ui_section caption="NULL" display_value="" name="x_snc_uib_examples_example" sys_domain="global" view="Default view">83819ced476df1105d6c8fd4f16d43a3</sys_ui_section>
            <sys_updated_by>Marc.Mouries</sys_updated_by>
            <sys_updated_on>2023-09-27 14:58:15</sys_updated_on>
            <sys_user/>
            <type/>
        </sys_ui_element>
        <sys_ui_element action="INSERT_OR_UPDATE">
            <element>description</element>
            <position>1</position>
            <sys_created_by>Marc.Mouries</sys_created_by>
            <sys_created_on>2023-09-27 14:58:15</sys_created_on>
            <sys_id>4b81dced476df1105d6c8fd4f16d433c</sys_id>
            <sys_mod_count>0</sys_mod_count>
            <sys_ui_formatter/>
            <sys_ui_section caption="NULL" display_value="" name="x_snc_uib_examples_example" sys_domain="global" view="Default view">83819ced476df1105d6c8fd4f16d43a3</sys_ui_section>
            <sys_updated_by>Marc.Mouries</sys_updated_by>
            <sys_updated_on>2023-09-27 14:58:15</sys_updated_on>
            <sys_user/>
            <type/>
        </sys_ui_element>
        <sys_ui_element action="INSERT_OR_UPDATE">
            <element>page_route</element>
            <position>2</position>
            <sys_created_by>Marc.Mouries</sys_created_by>
            <sys_created_on>2023-09-28 19:51:00</sys_created_on>
            <sys_id>492ed67547a5b1105d6c8fd4f16d43bc</sys_id>
            <sys_mod_count>0</sys_mod_count>
            <sys_ui_formatter/>
            <sys_ui_section caption="NULL" display_value="" name="x_snc_uib_examples_example" sys_domain="global" view="Default view">83819ced476df1105d6c8fd4f16d43a3</sys_ui_section>
            <sys_updated_by>Marc.Mouries</sys_updated_by>
            <sys_updated_on>2023-09-28 19:51:00</sys_updated_on>
            <sys_user/>
            <type/>
        </sys_ui_element>
        <sys_ui_element action="INSERT_OR_UPDATE">
            <element>description_html</element>
            <position>3</position>
            <sys_created_by>Marc.Mouries</sys_created_by>
            <sys_created_on>2023-09-28 22:32:04</sys_created_on>
            <sys_id>68038bb547a9b1105d6c8fd4f16d43f4</sys_id>
            <sys_mod_count>0</sys_mod_count>
            <sys_ui_formatter/>
            <sys_ui_section caption="NULL" display_value="" name="x_snc_uib_examples_example" sys_domain="global" view="Default view">83819ced476df1105d6c8fd4f16d43a3</sys_ui_section>
            <sys_updated_by>Marc.Mouries</sys_updated_by>
            <sys_updated_on>2023-09-28 22:32:04</sys_updated_on>
            <sys_user/>
            <type/>
        </sys_ui_element>
        <sys_ui_element action="INSERT_OR_UPDATE">
            <element>image</element>
            <position>4</position>
            <sys_created_by>Marc.Mouries</sys_created_by>
            <sys_created_on>2023-10-05 17:44:04</sys_created_on>
            <sys_id>3d344a08473d71505d6c8fd4f16d431a</sys_id>
            <sys_mod_count>0</sys_mod_count>
            <sys_ui_formatter/>
            <sys_ui_section caption="NULL" display_value="" name="x_snc_uib_examples_example" sys_domain="global" view="Default view">83819ced476df1105d6c8fd4f16d43a3</sys_ui_section>
            <sys_updated_by>Marc.Mouries</sys_updated_by>
            <sys_updated_on>2023-10-05 17:44:04</sys_updated_on>
            <sys_user/>
            <type/>
        </sys_ui_element>
        <sys_ui_section action="INSERT_OR_UPDATE">
            <caption/>
            <header>false</header>
            <name>x_snc_uib_examples_example</name>
            <roles/>
            <sys_class_name>sys_ui_section</sys_class_name>
            <sys_created_by>Marc.Mouries</sys_created_by>
            <sys_created_on>2023-09-27 14:58:15</sys_created_on>
            <sys_domain>global</sys_domain>
            <sys_domain_path>/</sys_domain_path>
            <sys_id>83819ced476df1105d6c8fd4f16d43a3</sys_id>
            <sys_mod_count>0</sys_mod_count>
            <sys_name>x_snc_uib_examples_example</sys_name>
            <sys_overrides/>
            <sys_package display_value="UIB Examples" source="x_snc_uib_examples">a0a606201b0f8510ce2b6579b04bcb65</sys_package>
            <sys_policy/>
            <sys_scope display_value="UIB Examples">a0a606201b0f8510ce2b6579b04bcb65</sys_scope>
            <sys_update_name>sys_ui_section_83819ced476df1105d6c8fd4f16d43a3</sys_update_name>
            <sys_updated_by>Marc.Mouries</sys_updated_by>
            <sys_updated_on>2023-09-27 14:58:15</sys_updated_on>
            <sys_user/>
            <title>true</title>
            <view display_value="Default view" name="NULL">Default view</view>
            <view_name/>
        </sys_ui_section>
    </sys_ui_section>
</record_update>
