<?xml version="1.0" encoding="UTF-8"?><record_update table="sys_ux_app_route">
    <sys_ux_app_route action="INSERT_OR_UPDATE">
        <app_config/>
        <description/>
        <extension_point/>
        <fields/>
        <icon>circle-info-outline</icon>
        <name>copy of record Business process sidebar</name>
        <optional_parameters/>
        <order>-1</order>
        <parent_macroponent display_value="Record">0e49fa3f1bf1d510b00dddf6b04bcb36</parent_macroponent>
        <parent_macroponent_composition_element_id>contextual_sidebar</parent_macroponent_composition_element_id>
        <route_type>infrastructure-relationships</route_type>
        <screen_type display_value="Business process sidebar collection">6a334f0c77b2301058119a372e5a995a</screen_type>
        <sys_class_name>sys_ux_app_route</sys_class_name>
        <sys_created_by>Marc.Mouries</sys_created_by>
        <sys_created_on>2022-09-14 20:50:59</sys_created_on>
        <sys_id>1059727f1bf1d510b00dddf6b04bcbb9</sys_id>
        <sys_mod_count>0</sys_mod_count>
        <sys_name>copy of record Business process sidebar</sys_name>
        <sys_package display_value="CMDB - Business Process" source="com.snc.cmdb_business_process">cd6b800e1bd430107d4c2171604bcb9f</sys_package>
        <sys_policy/>
        <sys_scope display_value="UIB Examples">a0a606201b0f8510ce2b6579b04bcb65</sys_scope>
        <sys_update_name>sys_ux_app_route_1059727f1bf1d510b00dddf6b04bcbb9</sys_update_name>
        <sys_updated_by>Marc.Mouries</sys_updated_by>
        <sys_updated_on>2022-09-14 20:50:59</sys_updated_on>
    </sys_ux_app_route>
    <sys_translated_text action="delete_multiple" query="documentkey=1059727f1bf1d510b00dddf6b04bcbb9"/>
</record_update>
