<?xml version="1.0" encoding="UTF-8"?><record_update table="sys_ux_app_route">
    <sys_ux_app_route action="INSERT_OR_UPDATE">
        <app_config/>
        <description/>
        <extension_point/>
        <fields>confs,table,sysId</fields>
        <icon/>
        <name>copy of record Special Handling Notes</name>
        <optional_parameters/>
        <order>0</order>
        <parent_macroponent display_value="Record">0e49fa3f1bf1d510b00dddf6b04bcb36</parent_macroponent>
        <parent_macroponent_composition_element_id>modalContainerViewport</parent_macroponent_composition_element_id>
        <route_type>shn</route_type>
        <screen_type display_value="Special Handling Notes">f41f50f073d42010d133bd49faf6a73b</screen_type>
        <sys_class_name>sys_ux_app_route</sys_class_name>
        <sys_created_by>Marc.Mouries</sys_created_by>
        <sys_created_on>2022-09-14 20:50:58</sys_created_on>
        <sys_id>8859727f1bf1d510b00dddf6b04bcb51</sys_id>
        <sys_mod_count>0</sys_mod_count>
        <sys_name>copy of record Special Handling Notes</sys_name>
        <sys_package display_value="Common Page Templates" source="sn_uib_base_aw">4d3530700f3110107d20409dc4767e42</sys_package>
        <sys_policy/>
        <sys_scope display_value="UIB Examples">a0a606201b0f8510ce2b6579b04bcb65</sys_scope>
        <sys_update_name>sys_ux_app_route_8859727f1bf1d510b00dddf6b04bcb51</sys_update_name>
        <sys_updated_by>Marc.Mouries</sys_updated_by>
        <sys_updated_on>2022-09-14 20:50:58</sys_updated_on>
    </sys_ux_app_route>
    <sys_translated_text action="delete_multiple" query="documentkey=8859727f1bf1d510b00dddf6b04bcb51"/>
</record_update>
