<?xml version="1.0" encoding="UTF-8"?><record_update table="sys_ux_app_route">
    <sys_ux_app_route action="INSERT_OR_UPDATE">
        <app_config display_value="Playbook Workspace Demo Config">b428c8cbc30220109b1204186e40ddfb</app_config>
        <description/>
        <extension_point/>
        <fields/>
        <icon>paperclip-fill</icon>
        <name>copy of record Attachment Playbook</name>
        <optional_parameters/>
        <order>75</order>
        <parent_macroponent display_value="Record">0e49fa3f1bf1d510b00dddf6b04bcb36</parent_macroponent>
        <parent_macroponent_composition_element_id>contextual_sidebar</parent_macroponent_composition_element_id>
        <route_type>attachment-playbook</route_type>
        <screen_type display_value="Attachment Playbook">78b230de5bd23010834918ff5981c797</screen_type>
        <sys_class_name>sys_ux_app_route</sys_class_name>
        <sys_created_by>Marc.Mouries</sys_created_by>
        <sys_created_on>2022-09-14 20:50:59</sys_created_on>
        <sys_id>6459727f1bf1d510b00dddf6b04bcbf3</sys_id>
        <sys_mod_count>0</sys_mod_count>
        <sys_name>copy of record Attachment Playbook</sys_name>
        <sys_package display_value="Process Automation Experience Demo" source="sn_pad_demo">8646b3507323001056dff358caf6a7ce</sys_package>
        <sys_policy/>
        <sys_scope display_value="UIB Examples">a0a606201b0f8510ce2b6579b04bcb65</sys_scope>
        <sys_update_name>sys_ux_app_route_6459727f1bf1d510b00dddf6b04bcbf3</sys_update_name>
        <sys_updated_by>Marc.Mouries</sys_updated_by>
        <sys_updated_on>2022-09-14 20:50:59</sys_updated_on>
    </sys_ux_app_route>
    <sys_translated_text action="delete_multiple" query="documentkey=6459727f1bf1d510b00dddf6b04bcbf3"/>
</record_update>
