<?xml version="1.0" encoding="UTF-8"?><record_update table="sys_ux_app_route">
    <sys_ux_app_route action="INSERT_OR_UPDATE">
        <app_config display_value="VCF Workspace Config">4b4b90db7e333050503b3b056b8ac250</app_config>
        <description/>
        <extension_point/>
        <fields/>
        <icon>paperclip-outline</icon>
        <name>copy of record Attachment</name>
        <optional_parameters/>
        <order>1</order>
        <parent_macroponent display_value="Record">0e49fa3f1bf1d510b00dddf6b04bcb36</parent_macroponent>
        <parent_macroponent_composition_element_id>contextual_sidebar</parent_macroponent_composition_element_id>
        <route_type>attachmenttab</route_type>
        <screen_type display_value="Attachment">747828db0f0210107d20409dc4767eb5</screen_type>
        <sys_class_name>sys_ux_app_route</sys_class_name>
        <sys_created_by>Marc.Mouries</sys_created_by>
        <sys_created_on>2022-09-14 20:50:59</sys_created_on>
        <sys_id>dc59727f1bf1d510b00dddf6b04bcbc4</sys_id>
        <sys_mod_count>0</sys_mod_count>
        <sys_name>copy of record Attachment</sys_name>
        <sys_package display_value="VCF Claim Management" source="x_snc_vcf_cms">fd9012891b3ff410b93654a2604bcb27</sys_package>
        <sys_policy/>
        <sys_scope display_value="UIB Examples">a0a606201b0f8510ce2b6579b04bcb65</sys_scope>
        <sys_update_name>sys_ux_app_route_dc59727f1bf1d510b00dddf6b04bcbc4</sys_update_name>
        <sys_updated_by>Marc.Mouries</sys_updated_by>
        <sys_updated_on>2022-09-14 20:50:59</sys_updated_on>
    </sys_ux_app_route>
    <sys_translated_text action="delete_multiple" query="documentkey=dc59727f1bf1d510b00dddf6b04bcbc4"/>
</record_update>
