<?xml version="1.0" encoding="UTF-8"?><record_update sys_domain="global" table="sys_ux_addon_event_mapping">
    <sys_ux_addon_event_mapping action="INSERT_OR_UPDATE">
        <active>true</active>
        <controller/>
        <description/>
        <name>copy of record Business process reject modal</name>
        <parent_macroponent display_value="Record">0e49fa3f1bf1d510b00dddf6b04bcb36</parent_macroponent>
        <source_component/>
        <source_da display_value="Reject">c95632537736301058119a372e5a992e</source_da>
        <source_element_id>ui_action_bar</source_element_id>
        <sys_class_name>sys_ux_addon_event_mapping</sys_class_name>
        <sys_created_by>Marc.Mouries</sys_created_by>
        <sys_created_on>2022-09-14 20:50:58</sys_created_on>
        <sys_domain>global</sys_domain>
        <sys_domain_path>/</sys_domain_path>
        <sys_id>8459727f1bf1d510b00dddf6b04bcb33</sys_id>
        <sys_mod_count>0</sys_mod_count>
        <sys_name>copy of record Business process reject modal</sys_name>
        <sys_overrides/>
        <sys_package display_value="CMDB - Business Process" source="com.snc.cmdb_business_process">cd6b800e1bd430107d4c2171604bcb9f</sys_package>
        <sys_policy/>
        <sys_scope display_value="UIB Examples">a0a606201b0f8510ce2b6579b04bcb65</sys_scope>
        <sys_update_name>sys_ux_addon_event_mapping_8459727f1bf1d510b00dddf6b04bcb33</sys_update_name>
        <sys_updated_by>Marc.Mouries</sys_updated_by>
        <sys_updated_on>2022-09-14 20:50:58</sys_updated_on>
        <target_event display_value="[Record Page] Open modal">509663140f0310107d20409dc4767e00</target_event>
        <target_payload_mapping>{&#13;
  "type": "MAP_CONTAINER",&#13;
  "container": {&#13;
    "route": {&#13;
      "type": "JSON_LITERAL",&#13;
      "value": "business-process-reject-modal"&#13;
    },&#13;
    "size": {&#13;
      "type": "JSON_LITERAL",&#13;
      "value": "md"&#13;
    },&#13;
    "fields": {&#13;
      "type": "MAP_CONTAINER",&#13;
      "container": {&#13;
        "table": {&#13;
          "type": "EVENT_PAYLOAD_BINDING",&#13;
          "binding": {&#13;
            "address": ["table"]&#13;
          }&#13;
        },&#13;
        "sysId": {&#13;
          "type": "EVENT_PAYLOAD_BINDING",&#13;
          "binding": {&#13;
            "address": ["sysId"]&#13;
          }&#13;
        }&#13;
      }&#13;
    },&#13;
    "params": {&#13;
      "type": "JSON_LITERAL",&#13;
      "value": {}&#13;
    }&#13;
  }&#13;
}</target_payload_mapping>
    </sys_ux_addon_event_mapping>
</record_update>
