<?xml version="1.0" encoding="UTF-8"?><record_update table="sys_ux_event">
    <sys_ux_event action="INSERT_OR_UPDATE">
        <description/>
        <event_name>RECORD#CLOSE_MODAL</event_name>
        <interfaces/>
        <label>RECORD#CLOSE_MODAL</label>
        <props>[]</props>
        <required_translations>[ ]</required_translations>
        <schema_version>1.0.0</schema_version>
        <sys_class_name>sys_ux_event</sys_class_name>
        <sys_created_by>marc.mouries@snc</sys_created_by>
        <sys_created_on>2022-09-14 21:29:17</sys_created_on>
        <sys_id>91124b7f1b35d510b00dddf6b04bcba9</sys_id>
        <sys_mod_count>0</sys_mod_count>
        <sys_name>RECORD#CLOSE_MODAL</sys_name>
        <sys_package display_value="UIB Examples" source="x_snc_uib_examples">a0a606201b0f8510ce2b6579b04bcb65</sys_package>
        <sys_policy/>
        <sys_scope display_value="UIB Examples">a0a606201b0f8510ce2b6579b04bcb65</sys_scope>
        <sys_update_name>sys_ux_event_91124b7f1b35d510b00dddf6b04bcba9</sys_update_name>
        <sys_updated_by>marc.mouries@snc</sys_updated_by>
        <sys_updated_on>2022-09-14 21:29:17</sys_updated_on>
    </sys_ux_event>
</record_update>
