<?xml version="1.0" encoding="UTF-8"?><record_update table="sys_ux_data_broker_transform">
    <sys_ux_data_broker_transform action="INSERT_OR_UPDATE">
        <acl_failure_result/>
        <api_name>x_snc_uib_examples.Data Broker Server Script</api_name>
        <description>Data Broker Server Script&#13;
New record</description>
        <mutates_server_data>false</mutates_server_data>
        <name>Data Broker Server Script</name>
        <output_schema/>
        <private>false</private>
        <props/>
        <required_translations>[ ]</required_translations>
        <schema_version>1.0.0</schema_version>
        <script/>
        <sys_class_name>sys_ux_data_broker_transform</sys_class_name>
        <sys_created_by>Marc.Mouries</sys_created_by>
        <sys_created_on>2022-05-27 00:20:19</sys_created_on>
        <sys_id>d8b040d81b33c910b00dddf6b04bcbda</sys_id>
        <sys_mod_count>0</sys_mod_count>
        <sys_name>Data Broker Server Script</sys_name>
        <sys_package display_value="UIB Examples" source="x_snc_uib_examples">a0a606201b0f8510ce2b6579b04bcb65</sys_package>
        <sys_policy/>
        <sys_scope display_value="UIB Examples">a0a606201b0f8510ce2b6579b04bcb65</sys_scope>
        <sys_update_name>sys_ux_data_broker_transform_d8b040d81b33c910b00dddf6b04bcbda</sys_update_name>
        <sys_updated_by>Marc.Mouries</sys_updated_by>
        <sys_updated_on>2022-05-27 00:20:19</sys_updated_on>
    </sys_ux_data_broker_transform>
    <sys_translated_text action="delete_multiple" query="documentkey=d8b040d81b33c910b00dddf6b04bcbda"/>
</record_update>
