<?xml version="1.0" encoding="UTF-8"?><record_update table="sys_ux_client_script">
    <sys_ux_client_script action="INSERT_OR_UPDATE">
        <includes/>
        <macroponent display_value="Record">f9e9f2bf1bf1d510b00dddf6b04bcbae</macroponent>
        <name>Deep linking workspace configuration</name>
        <preset/>
        <required_translations/>
        <script><![CDATA[/**
 * @param {params} params
 * @param {api} params.api
 * @param {any} params.event
 * @param {any} params.imports
 * @param {ApiHelpers} params.helpers
 */

async function handler({ api, event, helpers, imports }) {
    if (!event || !event.payload) {
        return;
    }

    const { items, table, sysId, options } = event.payload;
    const userRoles = api.context.session.user.roles;
    if (userRoles && (userRoles.includes("admin") || userRoles.includes("workspace_admin"))) {
        //only emit for "workspace_admin" and "admin" role
        let newItems = [];

        //filter out "Contextual Side Panel" and "Related Items"
        let tranlatedLabel1, translatedLabel2;
        await helpers.translate("Contextual Side Panel").then((value1) => {
            tranlatedLabel1 = value1;
        });
        await helpers.translate("Related Items").then((value2) => {
            translatedLabel2 = value2;
        });

        items.forEach(item => {
            if (item && item.label != tranlatedLabel1 && item.label != translatedLabel2) {
                newItems.push(item);
            }
        });

        api.emit("CONTENT_ITEMS_SELECTED", {
            table,
            sysId,
            options,
            items: newItems
        });
    }
}]]></script>
        <script_api_version>2.0.0</script_api_version>
        <sys_class_name>sys_ux_client_script</sys_class_name>
        <sys_created_by>Marc.Mouries</sys_created_by>
        <sys_created_on>2022-09-14 20:53:37</sys_created_on>
        <sys_id>32e936bf1bf1d510b00dddf6b04bcbb3</sys_id>
        <sys_mod_count>0</sys_mod_count>
        <sys_name>Deep linking workspace configuration</sys_name>
        <sys_package display_value="UIB Examples" source="x_snc_uib_examples">a0a606201b0f8510ce2b6579b04bcb65</sys_package>
        <sys_policy/>
        <sys_scope display_value="UIB Examples">a0a606201b0f8510ce2b6579b04bcb65</sys_scope>
        <sys_update_name>sys_ux_client_script_32e936bf1bf1d510b00dddf6b04bcbb3</sys_update_name>
        <sys_updated_by>Marc.Mouries</sys_updated_by>
        <sys_updated_on>2022-09-14 20:53:37</sys_updated_on>
        <target>macroponent</target>
        <type>default</type>
    </sys_ux_client_script>
</record_update>
