<?xml version="1.0" encoding="UTF-8"?><record_update table="sys_ux_app_route">
    <sys_ux_app_route action="INSERT_OR_UPDATE">
        <app_config display_value="Triangle Property WS Config">36cae6c2ff462410684147d1a27db8f9</app_config>
        <description/>
        <extension_point/>
        <fields/>
        <icon>paperclip-outline</icon>
        <name>copy of record Attachments</name>
        <optional_parameters/>
        <order>10</order>
        <parent_macroponent display_value="Record">0e49fa3f1bf1d510b00dddf6b04bcb36</parent_macroponent>
        <parent_macroponent_composition_element_id>contextual_sidebar</parent_macroponent_composition_element_id>
        <route_type>attachments</route_type>
        <screen_type display_value="Attachments">9c530462dbca201007f1ae441b96192e</screen_type>
        <sys_class_name>sys_ux_app_route</sys_class_name>
        <sys_created_by>Marc.Mouries</sys_created_by>
        <sys_created_on>2022-09-14 20:50:59</sys_created_on>
        <sys_id>9c59727f1bf1d510b00dddf6b04bcbc6</sys_id>
        <sys_mod_count>0</sys_mod_count>
        <sys_name>copy of record Attachments</sys_name>
        <sys_package display_value="Triangle Properties" source="x_appe_triangle">993cedb8dba070102b6c144e1396198f</sys_package>
        <sys_policy/>
        <sys_scope display_value="UIB Examples">a0a606201b0f8510ce2b6579b04bcb65</sys_scope>
        <sys_update_name>sys_ux_app_route_9c59727f1bf1d510b00dddf6b04bcbc6</sys_update_name>
        <sys_updated_by>Marc.Mouries</sys_updated_by>
        <sys_updated_on>2022-09-14 20:50:59</sys_updated_on>
    </sys_ux_app_route>
    <sys_translated_text action="delete_multiple" query="documentkey=9c59727f1bf1d510b00dddf6b04bcbc6"/>
</record_update>
