<?xml version="1.0" encoding="UTF-8"?><record_update>
    <sys_documentation element="page_route" label="Page Route" language="en" table="x_snc_uib_examples_example">
        <sys_documentation action="INSERT_OR_UPDATE">
            <element>page_route</element>
            <help/>
            <hint/>
            <label>Page Route</label>
            <language>en</language>
            <name>x_snc_uib_examples_example</name>
            <plural/>
            <sys_class_name>sys_documentation</sys_class_name>
            <sys_created_by>Marc.Mouries</sys_created_by>
            <sys_created_on>2023-09-28 19:51:00</sys_created_on>
            <sys_mod_count>3</sys_mod_count>
            <sys_name>Page Route</sys_name>
            <sys_package display_value="UIB Examples" source="x_snc_uib_examples">a0a606201b0f8510ce2b6579b04bcb65</sys_package>
            <sys_policy/>
            <sys_scope display_value="UIB Examples">a0a606201b0f8510ce2b6579b04bcb65</sys_scope>
            <sys_update_name>sys_documentation_x_snc_uib_examples_example_page_route_en</sys_update_name>
            <sys_updated_by>Marc.Mouries</sys_updated_by>
            <sys_updated_on>2023-09-28 19:51:00</sys_updated_on>
            <url/>
            <url_target/>
        </sys_documentation>
    </sys_documentation>
</record_update>
