<?xml version="1.0" encoding="UTF-8"?><record_update sys_domain="global" table="sys_ux_addon_event_mapping">
    <sys_ux_addon_event_mapping action="INSERT_OR_UPDATE">
        <active>true</active>
        <controller/>
        <description>Reference info icon to open record</description>
        <name>copy of record Reference Info Click</name>
        <parent_macroponent display_value="Record">0e49fa3f1bf1d510b00dddf6b04bcb36</parent_macroponent>
        <source_component/>
        <source_da display_value="open_record">172e2043534310108135ddeeff7b12dd</source_da>
        <source_element_id>record_page_tabs_1</source_element_id>
        <sys_class_name>sys_ux_addon_event_mapping</sys_class_name>
        <sys_created_by>Marc.Mouries</sys_created_by>
        <sys_created_on>2022-09-14 20:50:58</sys_created_on>
        <sys_domain>global</sys_domain>
        <sys_domain_path>/</sys_domain_path>
        <sys_id>c059727f1bf1d510b00dddf6b04bcb29</sys_id>
        <sys_mod_count>0</sys_mod_count>
        <sys_name>copy of record Reference Info Click</sys_name>
        <sys_overrides/>
        <sys_package display_value="Common Page Templates" source="sn_uib_base_aw">4d3530700f3110107d20409dc4767e42</sys_package>
        <sys_policy/>
        <sys_scope display_value="UIB Examples">a0a606201b0f8510ce2b6579b04bcb65</sys_scope>
        <sys_update_name>sys_ux_addon_event_mapping_c059727f1bf1d510b00dddf6b04bcb29</sys_update_name>
        <sys_updated_by>Marc.Mouries</sys_updated_by>
        <sys_updated_on>2022-09-14 20:50:58</sys_updated_on>
        <target_event display_value="[Record Page] Item Selected">835ec4a00f4310107d20409dc4767eaa</target_event>
        <target_payload_mapping>{
  "type": "MAP_CONTAINER",
  "container": {
    "route": "record",
    "fields": {
      "type": "MAP_CONTAINER",
      "container": {
        "table": {
          "type": "EVENT_PAYLOAD_BINDING",
          "binding": {
            "address": [
              "referenceInfoClick",
              "referencetable"
            ]
          }
        },
        "sysId": {
          "type": "EVENT_PAYLOAD_BINDING",
          "binding": {
            "address": [
              "referenceInfoClick",
              "sys_id"
            ]
          }
        }
      }
    },
    "multiInstField": "sysId",
    "targetRoute": "current",
    "elementId": "referenceInfoClick"
  }
}</target_payload_mapping>
    </sys_ux_addon_event_mapping>
</record_update>
