<?xml version="1.0" encoding="UTF-8"?><record_update table="sys_user_role_contains">
    <sys_user_role_contains action="INSERT_OR_UPDATE">
        <contains display_value="canvas_user" name="canvas_user">8536f54bc713330072b211d4d8c26080</contains>
        <role display_value="x_snc_uib_examples.UIB Examples User" name="x_snc_uib_examples.UIB Examples User">97127b701b089110b00dddf6b04bcb73</role>
        <sys_class_name>sys_user_role_contains</sys_class_name>
        <sys_created_by>Marc.Mouries</sys_created_by>
        <sys_created_on>2022-06-10 17:27:30</sys_created_on>
        <sys_id>6f127b701b089110b00dddf6b04bcb9b</sys_id>
        <sys_mod_count>0</sys_mod_count>
        <sys_name>canvas_user.x_snc_uib_examples.UIB Examples User</sys_name>
        <sys_package display_value="UIB Examples" source="x_snc_uib_examples">a0a606201b0f8510ce2b6579b04bcb65</sys_package>
        <sys_policy/>
        <sys_scope display_value="UIB Examples">a0a606201b0f8510ce2b6579b04bcb65</sys_scope>
        <sys_update_name>sys_user_role_contains_6f127b701b089110b00dddf6b04bcb9b</sys_update_name>
        <sys_updated_by>Marc.Mouries</sys_updated_by>
        <sys_updated_on>2022-06-10 17:27:30</sys_updated_on>
    </sys_user_role_contains>
</record_update>
