<?xml version="1.0" encoding="UTF-8"?><record_update table="sys_ux_client_script">
    <sys_ux_client_script action="INSERT_OR_UPDATE">
        <includes/>
        <macroponent display_value="related list">faca05141b089d10b00dddf6b04bcb1f</macroponent>
        <name>Update Row</name>
        <preset/>
        <required_translations>[ ]</required_translations>
        <script><![CDATA[/**
* @param {params} params
* @param {api} params.api
* @param {any} params.event
* @param {any} params.imports
* @param {ApiHelpers} params.helpers
*/
function handler({api, event, helpers, imports}) {
    console.log("Update ROW");
    console.log(event.payload);
}]]></script>
        <script_api_version>2.0.0</script_api_version>
        <sys_class_name>sys_ux_client_script</sys_class_name>
        <sys_created_by>Marc.Mouries</sys_created_by>
        <sys_created_on>2022-06-08 16:00:13</sys_created_on>
        <sys_id>a9fa05141b089d10b00dddf6b04bcbc5</sys_id>
        <sys_mod_count>2</sys_mod_count>
        <sys_name>Update Row</sys_name>
        <sys_package display_value="UIB Examples" source="x_snc_uib_examples">a0a606201b0f8510ce2b6579b04bcb65</sys_package>
        <sys_policy/>
        <sys_scope display_value="UIB Examples">a0a606201b0f8510ce2b6579b04bcb65</sys_scope>
        <sys_update_name>sys_ux_client_script_a9fa05141b089d10b00dddf6b04bcbc5</sys_update_name>
        <sys_updated_by>Marc.Mouries</sys_updated_by>
        <sys_updated_on>2022-06-08 16:09:19</sys_updated_on>
        <target>macroponent</target>
        <type>default</type>
    </sys_ux_client_script>
</record_update>
