<?xml version="1.0" encoding="UTF-8"?><record_update table="sys_ux_app_route">
    <sys_ux_app_route action="INSERT_OR_UPDATE">
        <app_config display_value="Cost Approval Manager Config">6af06e4da0e68d1091c0461e8a2927bb</app_config>
        <description/>
        <extension_point/>
        <fields/>
        <icon>paperclip-outline</icon>
        <name>copy of record Attachment</name>
        <optional_parameters/>
        <order>1</order>
        <parent_macroponent display_value="Record">0e49fa3f1bf1d510b00dddf6b04bcb36</parent_macroponent>
        <parent_macroponent_composition_element_id>contextual_sidebar</parent_macroponent_composition_element_id>
        <route_type>attachmenttab</route_type>
        <screen_type display_value="Attachment">747828db0f0210107d20409dc4767eb5</screen_type>
        <sys_class_name>sys_ux_app_route</sys_class_name>
        <sys_created_by>Marc.Mouries</sys_created_by>
        <sys_created_on>2022-09-14 20:50:58</sys_created_on>
        <sys_id>4c59727f1bf1d510b00dddf6b04bcb44</sys_id>
        <sys_mod_count>0</sys_mod_count>
        <sys_name>copy of record Attachment</sys_name>
        <sys_package display_value="Expense  Management" source="x_snc_expense_ma_0">26f06e4d4ee68d108c5faf63555d2bbc</sys_package>
        <sys_policy/>
        <sys_scope display_value="UIB Examples">a0a606201b0f8510ce2b6579b04bcb65</sys_scope>
        <sys_update_name>sys_ux_app_route_4c59727f1bf1d510b00dddf6b04bcb44</sys_update_name>
        <sys_updated_by>Marc.Mouries</sys_updated_by>
        <sys_updated_on>2022-09-14 20:50:58</sys_updated_on>
    </sys_ux_app_route>
    <sys_translated_text action="delete_multiple" query="documentkey=4c59727f1bf1d510b00dddf6b04bcb44"/>
</record_update>
