<?xml version="1.0" encoding="UTF-8"?><record_update table="sys_security_acl_role">
    <sys_security_acl_role action="INSERT_OR_UPDATE">
        <sys_class_name>sys_security_acl_role</sys_class_name>
        <sys_created_by>Marc.Mouries</sys_created_by>
        <sys_created_on>2022-06-10 17:27:30</sys_created_on>
        <sys_id>2b127b701b089110b00dddf6b04bcb7e</sys_id>
        <sys_mod_count>0</sys_mod_count>
        <sys_name>now.uib-examples.x_snc_uib_examples.UIB Examples User</sys_name>
        <sys_package display_value="UIB Examples" source="x_snc_uib_examples">a0a606201b0f8510ce2b6579b04bcb65</sys_package>
        <sys_policy/>
        <sys_scope display_value="UIB Examples">a0a606201b0f8510ce2b6579b04bcb65</sys_scope>
        <sys_security_acl display_value="now.uib-examples">af127b701b089110b00dddf6b04bcb79</sys_security_acl>
        <sys_update_name>sys_security_acl_role_2b127b701b089110b00dddf6b04bcb7e</sys_update_name>
        <sys_updated_by>Marc.Mouries</sys_updated_by>
        <sys_updated_on>2022-06-10 17:27:30</sys_updated_on>
        <sys_user_role display_value="x_snc_uib_examples.UIB Examples User" name="x_snc_uib_examples.UIB Examples User">97127b701b089110b00dddf6b04bcb73</sys_user_role>
        <transaction_id/>
    </sys_security_acl_role>
</record_update>
