<?xml version="1.0" encoding="UTF-8"?><record_update table="sys_ux_app_route">
    <sys_ux_app_route action="INSERT_OR_UPDATE">
        <app_config display_value="Agent app config">6b3293e80f0210107d20409dc4767e91</app_config>
        <description/>
        <extension_point/>
        <fields>table,sysId</fields>
        <icon/>
        <name>copy of record DA Modal Page</name>
        <optional_parameters/>
        <order>0</order>
        <parent_macroponent display_value="Record">0e49fa3f1bf1d510b00dddf6b04bcb36</parent_macroponent>
        <parent_macroponent_composition_element_id>modalContainerViewport</parent_macroponent_composition_element_id>
        <route_type>modal_page</route_type>
        <screen_type display_value="DA Modal Page">8feb23d40f0310107d20409dc4767e99</screen_type>
        <sys_class_name>sys_ux_app_route</sys_class_name>
        <sys_created_by>Marc.Mouries</sys_created_by>
        <sys_created_on>2022-09-14 20:50:59</sys_created_on>
        <sys_id>d059727f1bf1d510b00dddf6b04bcb94</sys_id>
        <sys_mod_count>0</sys_mod_count>
        <sys_name>copy of record DA Modal Page</sys_name>
        <sys_package display_value="Common Page Templates" source="sn_uib_base_aw">4d3530700f3110107d20409dc4767e42</sys_package>
        <sys_policy/>
        <sys_scope display_value="UIB Examples">a0a606201b0f8510ce2b6579b04bcb65</sys_scope>
        <sys_update_name>sys_ux_app_route_d059727f1bf1d510b00dddf6b04bcb94</sys_update_name>
        <sys_updated_by>Marc.Mouries</sys_updated_by>
        <sys_updated_on>2022-09-14 20:50:59</sys_updated_on>
    </sys_ux_app_route>
    <sys_translated_text action="delete_multiple" query="documentkey=d059727f1bf1d510b00dddf6b04bcb94"/>
</record_update>
