<?xml version="1.0" encoding="UTF-8"?><record_update table="sys_ux_app_route">
    <sys_ux_app_route action="INSERT_OR_UPDATE">
        <app_config display_value="UIB Examples Config">87178e207f0f85104cd904285d5ebb8b</app_config>
        <description/>
        <extension_point/>
        <fields>details</fields>
        <icon/>
        <name>Record Details Tab</name>
        <optional_parameters/>
        <order>100</order>
        <parent_macroponent display_value="Record">0e49fa3f1bf1d510b00dddf6b04bcb36</parent_macroponent>
        <parent_macroponent_composition_element_id>record_page_tabs_1_ckiiwfdnffoaaaabbbbddghhdamgvmbbbba</parent_macroponent_composition_element_id>
        <route_type>details</route_type>
        <screen_type display_value="Record Details Tab">711f3e3b1b35d510b00dddf6b04bcb14</screen_type>
        <sys_class_name>sys_ux_app_route</sys_class_name>
        <sys_created_by>Marc.Mouries</sys_created_by>
        <sys_created_on>2022-09-14 21:16:13</sys_created_on>
        <sys_id>f51f7e3b1b35d510b00dddf6b04bcb56</sys_id>
        <sys_mod_count>0</sys_mod_count>
        <sys_name>Record Details Tab</sys_name>
        <sys_package display_value="UIB Examples" source="x_snc_uib_examples">a0a606201b0f8510ce2b6579b04bcb65</sys_package>
        <sys_policy/>
        <sys_scope display_value="UIB Examples">a0a606201b0f8510ce2b6579b04bcb65</sys_scope>
        <sys_update_name>sys_ux_app_route_f51f7e3b1b35d510b00dddf6b04bcb56</sys_update_name>
        <sys_updated_by>Marc.Mouries</sys_updated_by>
        <sys_updated_on>2022-09-14 21:16:13</sys_updated_on>
    </sys_ux_app_route>
    <sys_translated_text action="delete_multiple" query="documentkey=f51f7e3b1b35d510b00dddf6b04bcb56"/>
</record_update>
