<?xml version="1.0" encoding="UTF-8"?><record_update table="sys_ux_client_script">
    <sys_ux_client_script action="INSERT_OR_UPDATE">
        <controller_preset/>
        <includes/>
        <macroponent display_value="Default">76d0cc61472df1105d6c8fd4f16d43e8</macroponent>
        <name>version_1/items</name>
        <preset/>
        <required_translations>[
    
]</required_translations>
        <script><![CDATA[/**
 * @param {params} params
 * @param {api} params.api
 * @param {TransformApiHelpers} params.helpers
 */
function evaluateProperty({
    api,
    state,
    helpers
}) {


    const selectedVersion2 = api.state.version_2[0];
    const filteredList = api.data.getkbversions_1.output.filter(version => version.id !== selectedVersion2);
    return filteredList;
}]]></script>
        <script_api_version>2.0.0</script_api_version>
        <sys_class_name>sys_ux_client_script</sys_class_name>
        <sys_created_by>Marc.Mouries</sys_created_by>
        <sys_created_on>2023-09-28 22:12:55</sys_created_on>
        <sys_id>903d36bd4769b1105d6c8fd4f16d431e</sys_id>
        <sys_mod_count>13</sys_mod_count>
        <sys_name>version_1/items</sys_name>
        <sys_package display_value="UIB Examples" source="x_snc_uib_examples">a0a606201b0f8510ce2b6579b04bcb65</sys_package>
        <sys_policy/>
        <sys_scope display_value="UIB Examples">a0a606201b0f8510ce2b6579b04bcb65</sys_scope>
        <sys_update_name>sys_ux_client_script_903d36bd4769b1105d6c8fd4f16d431e</sys_update_name>
        <sys_updated_by>Marc.Mouries</sys_updated_by>
        <sys_updated_on>2023-09-28 22:26:10</sys_updated_on>
        <target>macroponent</target>
        <type>transform</type>
    </sys_ux_client_script>
</record_update>
