<?xml version="1.0" encoding="UTF-8"?><record_update table="sys_ux_client_script">
    <sys_ux_client_script action="INSERT_OR_UPDATE">
        <controller_preset/>
        <includes/>
        <macroponent display_value="Home">0f178e204a0f85109886b495cde75f89</macroponent>
        <name>Link to destination</name>
        <preset/>
        <required_translations>[
    
]</required_translations>
        <script><![CDATA[/**
* @param {params} params
* @param {api} params.api
* @param {any} params.event
* @param {any} params.imports
* @param {ApiHelpers} params.helpers
*/
function handler({api, event, helpers, imports}) {
    console.log(JSON.stringify(event, null, 4));
    const pageRoute = event.context.item.value.page_route;
    console.log('page_route:', pageRoute);
}]]></script>
        <script_api_version>2.0.0</script_api_version>
        <sys_class_name>sys_ux_client_script</sys_class_name>
        <sys_created_by>Marc.Mouries</sys_created_by>
        <sys_created_on>2023-09-28 21:19:52</sys_created_on>
        <sys_id>3def26b54729b1105d6c8fd4f16d43c4</sys_id>
        <sys_mod_count>3</sys_mod_count>
        <sys_name>Link to destination</sys_name>
        <sys_package display_value="UIB Examples" source="x_snc_uib_examples">a0a606201b0f8510ce2b6579b04bcb65</sys_package>
        <sys_policy/>
        <sys_scope display_value="UIB Examples">a0a606201b0f8510ce2b6579b04bcb65</sys_scope>
        <sys_update_name>sys_ux_client_script_3def26b54729b1105d6c8fd4f16d43c4</sys_update_name>
        <sys_updated_by>Marc.Mouries</sys_updated_by>
        <sys_updated_on>2023-09-28 21:22:41</sys_updated_on>
        <target>macroponent</target>
        <type>default</type>
    </sys_ux_client_script>
</record_update>
