<?xml version="1.0" encoding="UTF-8"?><record_update table="sys_ux_macroponent">
    <sys_ux_macroponent action="INSERT_OR_UPDATE">
        <associated_types/>
        <category>page</category>
        <component_dependencies/>
        <composition>[ {
  "elementId" : "attachment_1",
  "elementLabel" : "Attachment 1",
  "propertyValues" : {
    "table" : {
      "type" : "CONTEXT_BINDING",
      "binding" : {
        "address" : [ "table" ],
        "category" : "props"
      }
    },
    "sysId" : {
      "type" : "CONTEXT_BINDING",
      "binding" : {
        "address" : [ "sysId" ],
        "category" : "props"
      }
    },
    "isAttachmentUploadDisabled" : {
      "type" : "JSON_LITERAL",
      "value" : false
    },
    "isReadOnly" : {
      "type" : "JSON_LITERAL",
      "value" : false
    },
    "mode" : {
      "type" : "JSON_LITERAL",
      "value" : ""
    },
    "recordDisplayValue" : {
      "type" : "JSON_LITERAL",
      "value" : ""
    },
    "userEncryptionContexts" : {
      "type" : "CONTEXT_BINDING",
      "binding" : {
        "address" : [ "user", "encryptionContexts" ],
        "category" : "session"
      }
    },
    "currentEncryptionContext" : {
      "type" : "CONTEXT_BINDING",
      "binding" : {
        "address" : [ "userPrefs", "encryption_context" ],
        "category" : "session"
      }
    }
  },
  "eventMappings" : [ {
    "eventMappingId" : "ckqjjuiftjaaaabbccddhhhsflhhhffsqc",
    "isConfiguration" : false,
    "offRowStorageId" : null,
    "sourceEventApiName" : "sn_now_record_side.NOW_RECORD_COMMON_ATTACHMENT_CONNECTED#ADD_NOTIFICATIONS",
    "sourceEventCorrelationId" : null,
    "sourceEventDefinition" : {
      "apiName" : "sn_now_record_side.NOW_RECORD_COMMON_ATTACHMENT_CONNECTED#ADD_NOTIFICATIONS",
      "id" : null,
      "type" : "UXEVENT"
    },
    "sourceEventSysId" : null,
    "targets" : [ {
      "broker" : null,
      "clientScript" : null,
      "conditional" : null,
      "declarativeAction" : null,
      "event" : {
        "apiName" : "sn_uxf_page.NOW_UXF_PAGE#ADD_NOTIFICATIONS",
        "payload" : {
          "type" : "MAP_CONTAINER",
          "container" : {
            "items" : {
              "type" : "EVENT_PAYLOAD_BINDING",
              "binding" : {
                "address" : [ "items" ]
              }
            }
          }
        },
        "sysId" : "49fe7d575f983bb3f8eea3fa8d40694c"
      },
      "operation" : null,
      "targetId" : "ckqjjuiftjaaaabbddddhhhsjbbjniivfa",
      "type" : "EVENT"
    } ]
  } ],
  "slot" : "default-slot",
  "definition" : {
    "id" : "0e238931bce36c9fe3b52475c69c85a3",
    "type" : "MACROPONENT"
  },
  "overrides" : null,
  "isHidden" : {
    "type" : "JSON_LITERAL",
    "value" : false
  },
  "isHero" : false,
  "isNonDestructive" : false,
  "styles" : {
    "width" : "100%",
    "height" : "100%"
  }
} ]</composition>
        <da_relay_models/>
        <data>[ ]</data>
        <description/>
        <dispatched_events>f078e8db0f0210107d20409dc4767e94,4578e8db0f0210107d20409dc4767e99,0d78e8db0f0210107d20409dc4767ea1</dispatched_events>
        <ext_controller_dep/>
        <extends display_value="Page Template">19be392623033300f4b4c50947bf65ba</extends>
        <handled_events/>
        <interactions/>
        <interfaces/>
        <internal_event_mappings>{ }</internal_event_mappings>
        <layout>{
  "default" : {
    "children" : null,
    "isInline" : null,
    "items" : [{"slotName":"default-slot","rules":{"grid-area":"default-slot"},"styles":{"display":"flex","padding":"calc(var(--now-scale-space--xl, 1) * var(--now-static-space--xl))","margin-top":"calc(var(--now-scale-space--xs, 1) * var(--now-static-space--xs))","height":"auto"}}],
    "root" : null,
    "rules" : {"grid-template-rows":"1fr","grid-template-columns":"1fr","grid-template-areas":"'default-slot'"},
    "styles" : null,
    "templateId" : null,
    "type" : "grid"
  }
}</layout>
        <macroponent_dependencies/>
        <name>Attachment</name>
        <output_prop_mapping/>
        <props>[ {
  "name" : "table",
  "label" : "table",
  "fieldType" : null,
  "typeMetadata" : null,
  "valueType" : null,
  "mandatory" : false,
  "defaultValue" : null,
  "description" : null,
  "readOnly" : false,
  "selectable" : false,
  "disabled" : false
}, {
  "name" : "sysId",
  "label" : "sysId",
  "fieldType" : null,
  "typeMetadata" : null,
  "valueType" : null,
  "mandatory" : false,
  "defaultValue" : null,
  "description" : null,
  "readOnly" : false,
  "selectable" : false,
  "disabled" : false
} ]</props>
        <required_translations>[ ]</required_translations>
        <root_component/>
        <root_component_config>{
  "bare" : true
}</root_component_config>
        <root_component_definition/>
        <schema_version>1.0.0</schema_version>
        <state_properties>[ ]</state_properties>
        <sys_class_name>sys_ux_macroponent</sys_class_name>
        <sys_created_by>Marc.Mouries</sys_created_by>
        <sys_created_on>2022-09-14 20:56:54</sys_created_on>
        <sys_id>8baa72731b35d510b00dddf6b04bcb1a</sys_id>
        <sys_mod_count>0</sys_mod_count>
        <sys_name>Attachment</sys_name>
        <sys_package display_value="UIB Examples" source="x_snc_uib_examples">a0a606201b0f8510ce2b6579b04bcb65</sys_package>
        <sys_policy/>
        <sys_scope display_value="UIB Examples">a0a606201b0f8510ce2b6579b04bcb65</sys_scope>
        <sys_update_name>sys_ux_macroponent_8baa72731b35d510b00dddf6b04bcb1a</sys_update_name>
        <sys_updated_by>Marc.Mouries</sys_updated_by>
        <sys_updated_on>2022-09-14 20:56:54</sys_updated_on>
    </sys_ux_macroponent>
</record_update>
