<?xml version="1.0" encoding="UTF-8"?><record_update table="sys_ui_view">
    <sys_ui_view action="INSERT_OR_UPDATE">
        <group/>
        <hidden>false</hidden>
        <name>dt_template_block_search</name>
        <roles/>
        <sys_class_name>sys_ui_view</sys_class_name>
        <sys_created_by>Marc.Mouries</sys_created_by>
        <sys_created_on>2022-05-20 19:05:39</sys_created_on>
        <sys_id>783fbb821bef8110ce2b6579b04bcb5e</sys_id>
        <sys_mod_count>0</sys_mod_count>
        <sys_name>Dt_template_block_search</sys_name>
        <sys_package display_value="UIB Examples" source="x_snc_uib_examples">a0a606201b0f8510ce2b6579b04bcb65</sys_package>
        <sys_policy/>
        <sys_scope display_value="UIB Examples">a0a606201b0f8510ce2b6579b04bcb65</sys_scope>
        <sys_update_name>sys_ui_view_783fbb821bef8110ce2b6579b04bcb5e</sys_update_name>
        <sys_updated_by>Marc.Mouries</sys_updated_by>
        <sys_updated_on>2022-05-20 19:05:39</sys_updated_on>
        <title>Dt_template_block_search</title>
        <user/>
    </sys_ui_view>
</record_update>
