<?xml version="1.0" encoding="UTF-8"?><record_update table="sys_ux_client_script">
    <sys_ux_client_script action="INSERT_OR_UPDATE">
        <controller_preset/>
        <includes/>
        <macroponent display_value="Home">0f178e204a0f85109886b495cde75f89</macroponent>
        <name>image_1/src</name>
        <preset/>
        <required_translations>[
    
]</required_translations>
        <script><![CDATA[/**
  * @param {params} params
  * @param {api} params.api
  * @param {TransformApiHelpers} params.helpers
  */
function evaluateProperty({api, helpers}) {
  console.log( api.item.value.image);
	return "/" + api.item.value.image + ".iix";
}]]></script>
        <script_api_version>2.0.0</script_api_version>
        <sys_class_name>sys_ux_client_script</sys_class_name>
        <sys_created_by>Marc.Mouries</sys_created_by>
        <sys_created_on>2023-10-05 19:26:52</sys_created_on>
        <sys_id>812b96cc47bd71505d6c8fd4f16d4373</sys_id>
        <sys_mod_count>9</sys_mod_count>
        <sys_name>image_1/src</sys_name>
        <sys_package display_value="UIB Examples" source="x_snc_uib_examples">a0a606201b0f8510ce2b6579b04bcb65</sys_package>
        <sys_policy/>
        <sys_scope display_value="UIB Examples">a0a606201b0f8510ce2b6579b04bcb65</sys_scope>
        <sys_update_name>sys_ux_client_script_812b96cc47bd71505d6c8fd4f16d4373</sys_update_name>
        <sys_updated_by>Marc.Mouries</sys_updated_by>
        <sys_updated_on>2023-10-05 19:33:02</sys_updated_on>
        <target>macroponent</target>
        <type>transform</type>
    </sys_ux_client_script>
</record_update>
