<?xml version="1.0" encoding="UTF-8"?><record_update table="sys_ux_app_route">
    <sys_ux_app_route action="INSERT_OR_UPDATE">
        <app_config display_value="UIB Examples Config">87178e207f0f85104cd904285d5ebb8b</app_config>
        <description/>
        <extension_point/>
        <fields/>
        <icon/>
        <name>radio button reset</name>
        <optional_parameters/>
        <order>0</order>
        <parent_macroponent display_value="Workspace App Shell">c276387cc331101080d6d3658940ddd2</parent_macroponent>
        <parent_macroponent_composition_element_id/>
        <route_type>radio-button-reset</route_type>
        <screen_type display_value="radio button reset">e94742601b0f8510ce2b6579b04bcbd5</screen_type>
        <sys_class_name>sys_ux_app_route</sys_class_name>
        <sys_created_by>Marc.Mouries</sys_created_by>
        <sys_created_on>2022-04-20 21:59:25</sys_created_on>
        <sys_id>2547c2601b0f8510ce2b6579b04bcbc6</sys_id>
        <sys_mod_count>0</sys_mod_count>
        <sys_name>radio button reset</sys_name>
        <sys_package display_value="UIB Examples" source="x_snc_uib_examples">a0a606201b0f8510ce2b6579b04bcb65</sys_package>
        <sys_policy/>
        <sys_scope display_value="UIB Examples">a0a606201b0f8510ce2b6579b04bcb65</sys_scope>
        <sys_update_name>sys_ux_app_route_2547c2601b0f8510ce2b6579b04bcbc6</sys_update_name>
        <sys_updated_by>Marc.Mouries</sys_updated_by>
        <sys_updated_on>2022-04-20 21:59:25</sys_updated_on>
    </sys_ux_app_route>
    <sys_translated_text action="delete_multiple" query="documentkey=2547c2601b0f8510ce2b6579b04bcbc6"/>
</record_update>
