<?xml version="1.0" encoding="UTF-8"?><record_update table="sys_ux_macroponent">
    <sys_ux_macroponent action="INSERT_OR_UPDATE">
        <associated_types/>
        <bundles/>
        <category>page</category>
        <component_dependencies/>
        <composition>[
    {
        "definition": {
            "id": "5181ffee017e9387ba8b25041d5a5185",
            "type": "MACROPONENT"
        },
        "elementId": "comparator_1",
        "elementLabel": "Comparator 1",
        "eventMappings": [
            
        ],
        "isHidden": {
            "type": "JSON_LITERAL",
            "value": null
        },
        "preset": null,
        "propertyValues": {
            "comparisonData": {
                "binding": {
                    "address": [
                        "getkbchangedcontent_1",
                        "output"
                    ]
                },
                "type": "DATA_OUTPUT_BINDING"
            },
            "mode": {
                "type": "JSON_LITERAL",
                "value": "diff"
            }
        },
        "slot": null,
        "styles": null
    }
]</composition>
        <da_relay_models/>
        <data>[
    {
        "definition": {
            "id": "edca0ce1476df1105d6c8fd4f16d4345",
            "type": "TRANSFORM"
        },
        "dependencies": {},
        "elementId": "getkbchangedcontent_1",
        "elementLabel": "getKBChangedContent 1",
        "eventMappings": [
            
        ],
        "inputValues": {
            "kb_number": {
                "type": "JSON_LITERAL",
                "value": "KB0010006"
            },
            "version_1": {
                "type": "JSON_LITERAL",
                "value": "2.0"
            },
            "version_2": {
                "type": "JSON_LITERAL",
                "value": "3.0"
            }
        },
        "readEvaluationMode": "EAGER"
    }
]</data>
        <description/>
        <dispatched_events/>
        <ext_controller_dep/>
        <extends display_value="Page Template">19be392623033300f4b4c50947bf65ba</extends>
        <extension_point/>
        <handled_events/>
        <interactions/>
        <interfaces/>
        <internal_event_mappings>{}</internal_event_mappings>
        <layout>{
    "default": {
        "children": null,
        "items": [
            {
                "element_id": "comparator_1",
                "styles": {}
            }
        ],
        "root": null,
        "rules": null,
        "styles": {
            "flex-direction": "column",
            "padding-left": "var(--now-scalable-space--md)",
            "padding-top": "var(--now-scalable-space--md)"
        },
        "templateId": "5832fd4d53c31010e6bcddeeff7b12db",
        "type": "flex"
    },
    "version": "3.0.0"
}</layout>
        <macroponent_dependencies/>
        <name>Default</name>
        <output_prop_mapping/>
        <props>[
    {
        "defaultValue": "",
        "description": null,
        "disabled": false,
        "fieldType": "string",
        "label": "kbNumber",
        "mandatory": false,
        "name": "kbNumber",
        "readOnly": true,
        "selectable": false,
        "typeMetadata": null,
        "valueType": "string"
    }
]</props>
        <required_translations>[ ]</required_translations>
        <root_component/>
        <root_component_config/>
        <root_component_definition/>
        <schema_version>1.0.0</schema_version>
        <state_properties/>
        <sys_class_name>sys_ux_macroponent</sys_class_name>
        <sys_created_by>Marc.Mouries</sys_created_by>
        <sys_created_on>2023-10-06 02:31:41</sys_created_on>
        <sys_id>b2fcb3084779b1505d6c8fd4f16d4313</sys_id>
        <sys_mod_count>6</sys_mod_count>
        <sys_name>Default</sys_name>
        <sys_package display_value="UIB Examples" source="x_snc_uib_examples">a0a606201b0f8510ce2b6579b04bcb65</sys_package>
        <sys_policy/>
        <sys_scope display_value="UIB Examples">a0a606201b0f8510ce2b6579b04bcb65</sys_scope>
        <sys_update_name>sys_ux_macroponent_b2fcb3084779b1505d6c8fd4f16d4313</sys_update_name>
        <sys_updated_by>Marc.Mouries</sys_updated_by>
        <sys_updated_on>2023-10-08 19:47:31</sys_updated_on>
    </sys_ux_macroponent>
    <sys_translated_text action="delete_multiple" query="documentkey=b2fcb3084779b1505d6c8fd4f16d4313"/>
</record_update>
