<?xml version="1.0" encoding="UTF-8"?><record_update table="sys_ux_data_broker_transform">
    <sys_ux_data_broker_transform action="INSERT_OR_UPDATE">
        <acl_failure_result/>
        <api_name>x_snc_uib_examples.getKBChangedContent</api_name>
        <description>Returns the changes made between two versions of a Knowledge Base (KB) article</description>
        <mutates_server_data>false</mutates_server_data>
        <name>getKBChangedContent</name>
        <output_schema/>
        <private>false</private>
        <props>[
  {
    "name": "kb_number",
    "label": "KB Number",
    "description": "Number of the Knowledge Base (KB) article",
    "readOnly": false,
    "fieldType": "string",
    "mandatory": true,
    "defaultValue": ""
  },
  {
    "name": "version_1",
    "label": "Version 1",
    "description": "the initial version of the KB article to be compared",
    "readOnly": false,
    "fieldType": "string",
    "mandatory": true,
    "defaultValue": ""
  },
  {
    "name": "version_2",
    "label": "Version 2",
    "description": "the subsequent version of the KB article for comparison.",
    "readOnly": false,
    "fieldType": "string",
    "mandatory": true,
    "defaultValue": ""
  }
]</props>
        <required_translations>[ {
  "message" : "KB Number",
  "comment" : ""
}, {
  "message" : "Number of the Knowledge Base (KB) article",
  "comment" : ""
}, {
  "message" : "Version 1",
  "comment" : ""
}, {
  "message" : "Version 2",
  "comment" : ""
}, {
  "message" : "the initial version of the KB article to be compared",
  "comment" : ""
}, {
  "message" : "the subsequent version of the KB article for comparison.",
  "comment" : ""
} ]</required_translations>
        <schema_version>1.0.0</schema_version>
        <script><![CDATA[function transform(input) {

    var kb_number = input.kb_number;
    var version_1 = input.version_1;
    var version_2 = input.version_2;

    var kb_record = new GlideRecord('kb_knowledge');
    kb_record.addQuery('number', kb_number);
    kb_record.addEncodedQuery(`number=${kb_number}^version.version=${version_1}^ORversion.version=${version_2}`);
    kb_record.orderBy('sys_created_on');
    kb_record.query();

    var results = [];

    if (kb_record.next()) {
        var originalContent = {
            short_description: kb_record.short_description + "",
            text: kb_record.text + ""
        };

        kb_record.next();

        var changedContent = {
            short_description: kb_record.short_description + "",
            text: kb_record.text + ""
        };

        results.push({
            changedContent: changedContent.short_description,
            contentType: "string",
            heading: "Short description",
            name: "short_description",
            originalContent: originalContent.short_description
        });

        results.push({
            changedContent: changedContent.text,
            contentType: "html",
            heading: "Article body",
            name: "text",
            originalContent: originalContent.text
        });
    }

gs.info("@UIB: getKBChangedContent \n" +
       "Input: " + JSON.stringify(input, null, 4) + "\n\n" +
       "Results: " + JSON.stringify(results, null, 4));

    return results;
}]]></script>
        <sys_class_name>sys_ux_data_broker_transform</sys_class_name>
        <sys_created_by>Marc.Mouries</sys_created_by>
        <sys_created_on>2023-09-27 14:54:33</sys_created_on>
        <sys_id>edca0ce1476df1105d6c8fd4f16d4345</sys_id>
        <sys_mod_count>5</sys_mod_count>
        <sys_name>getKBChangedContent</sys_name>
        <sys_package display_value="UIB Examples" source="x_snc_uib_examples">a0a606201b0f8510ce2b6579b04bcb65</sys_package>
        <sys_policy/>
        <sys_scope display_value="UIB Examples">a0a606201b0f8510ce2b6579b04bcb65</sys_scope>
        <sys_update_name>sys_ux_data_broker_transform_edca0ce1476df1105d6c8fd4f16d4345</sys_update_name>
        <sys_updated_by>Marc.Mouries</sys_updated_by>
        <sys_updated_on>2023-09-28 11:26:23</sys_updated_on>
    </sys_ux_data_broker_transform>
    <sys_translated_text action="delete_multiple" query="documentkey=edca0ce1476df1105d6c8fd4f16d4345"/>
</record_update>
