<?xml version="1.0" encoding="UTF-8"?><record_update table="sys_security_acl">
    <sys_security_acl action="INSERT_OR_UPDATE">
        <active>true</active>
        <admin_overrides>true</admin_overrides>
        <advanced>false</advanced>
        <condition/>
        <description>Default access control on x_snc_uib_examples_example</description>
        <name>x_snc_uib_examples_example</name>
        <operation display_value="create">create</operation>
        <script/>
        <sys_class_name>sys_security_acl</sys_class_name>
        <sys_created_by>Marc.Mouries</sys_created_by>
        <sys_created_on>2022-12-18 14:27:17</sys_created_on>
        <sys_id>0e80fe921bf35114b00dddf6b04bcb17</sys_id>
        <sys_mod_count>0</sys_mod_count>
        <sys_name>x_snc_uib_examples_example</sys_name>
        <sys_package display_value="UIB Examples" source="x_snc_uib_examples">a0a606201b0f8510ce2b6579b04bcb65</sys_package>
        <sys_policy/>
        <sys_scope display_value="UIB Examples">a0a606201b0f8510ce2b6579b04bcb65</sys_scope>
        <sys_update_name>sys_security_acl_0e80fe921bf35114b00dddf6b04bcb17</sys_update_name>
        <sys_updated_by>Marc.Mouries</sys_updated_by>
        <sys_updated_on>2022-12-18 14:27:17</sys_updated_on>
        <type display_value="record">record</type>
    </sys_security_acl>
</record_update>
