<?xml version="1.0" encoding="UTF-8"?><record_update table="sys_ux_macroponent">
    <sys_ux_macroponent action="INSERT_OR_UPDATE">
        <associated_types/>
        <category>page</category>
        <component_dependencies/>
        <composition>[ {
  "elementId" : "form_1",
  "elementLabel" : "Form 1",
  "propertyValues" : {
    "scrollableHost" : {
      "type" : "JSON_LITERAL",
      "value" : null
    },
    "inRecordPageTab" : {
      "type" : "JSON_LITERAL",
      "value" : false
    },
    "isSectionMenuHidden" : {
      "type" : "JSON_LITERAL",
      "value" : false
    },
    "isSectionTitleHidden" : {
      "type" : "JSON_LITERAL",
      "value" : false
    },
    "isRemovePaddingLeft" : {
      "type" : "JSON_LITERAL",
      "value" : false
    },
    "disableCollapse" : {
      "type" : "JSON_LITERAL",
      "value" : false
    },
    "isContextMenuHidden" : {
      "type" : "JSON_LITERAL",
      "value" : false
    },
    "isFormOptionsHidden" : {
      "type" : "JSON_LITERAL",
      "value" : false
    },
    "inUiBuilder" : {
      "type" : "JSON_LITERAL",
      "value" : true
    }
  },
  "eventMappings" : [ ],
  "slot" : null,
  "definition" : {
    "id" : "cdf8d604a3fda59e69ccd6dd407263d6",
    "type" : "MACROPONENT"
  },
  "overrides" : null,
  "isHidden" : {
    "type" : "JSON_LITERAL",
    "value" : null
  },
  "isHero" : false,
  "preset" : {
    "controllerElementId" : "record",
    "disabledEventTargetIds" : [ ],
    "id" : "187b98f917f400e17ab765dee8b4fb04"
  },
  "extensionPoints" : [ ],
  "isNonDestructive" : false,
  "items" : [ ],
  "styles" : { }
} ]</composition>
        <da_relay_models/>
        <data>[ {
  "definition" : {
    "id" : "029f04e053610110ac9bddeeff7b1294",
    "type" : "CONTROLLER"
  },
  "dependencies" : { },
  "elementId" : "record",
  "elementLabel" : "Standard record",
  "eventMappings" : [ ],
  "inputValues" : {
    "inputTable" : {
      "type" : "CONTEXT_BINDING",
      "binding" : {
        "address" : [ "table" ],
        "category" : "props"
      }
    },
    "inputSysId" : {
      "type" : "CONTEXT_BINDING",
      "binding" : {
        "address" : [ "sysId" ],
        "category" : "props"
      }
    },
    "inputQuery" : {
      "type" : "CONTEXT_BINDING",
      "binding" : {
        "address" : [ "query" ],
        "category" : "props"
      }
    },
    "view" : {
      "type" : "CONTEXT_BINDING",
      "binding" : {
        "address" : [ "view" ],
        "category" : "app"
      }
    },
    "forcedViewName" : {
      "type" : "JSON_LITERAL",
      "value" : ""
    },
    "detailsContext" : {
      "type" : "CONTEXT_BINDING",
      "binding" : {
        "address" : [ "activityLogs" ],
        "category" : "props"
      }
    },
    "inputExtraParams" : {
      "type" : "JSON_LITERAL",
      "value" : ""
    }
  },
  "readEvaluationMode" : "EAGER"
}, {
  "definition" : {
    "id" : "0c3568c75bee0110d78e9e7fb681c784",
    "type" : "CONTROLLER"
  },
  "dependencies" : {
    "gform" : "record"
  },
  "elementId" : "rpCtrl",
  "elementLabel" : "UI Controller Record Page",
  "eventMappings" : [ {
    "eventMappingId" : "srp_on_load_notification",
    "isConfiguration" : false,
    "offRowStorageId" : null,
    "sourceEventApiName" : "sn_uib_base_aw.SRP_UI_CTRL#ADD_NOTIFICATIONS",
    "sourceEventCorrelationId" : null,
    "sourceEventDefinition" : {
      "apiName" : "sn_uib_base_aw.SRP_UI_CTRL#ADD_NOTIFICATIONS",
      "id" : null,
      "type" : "UXEVENT"
    },
    "sourceEventSysId" : null,
    "targets" : [ {
      "broker" : null,
      "clientScript" : null,
      "conditional" : null,
      "declarativeAction" : null,
      "event" : {
        "apiName" : "sn_uxf_page.NOW_UXF_PAGE#ADD_NOTIFICATIONS",
        "payload" : {
          "type" : "MAP_CONTAINER",
          "container" : {
            "items" : {
              "type" : "EVENT_PAYLOAD_BINDING",
              "binding" : {
                "address" : [ "items" ]
              }
            }
          }
        },
        "sysId" : null
      },
      "operation" : null,
      "targetId" : "srp_on_load_notification",
      "type" : "EVENT"
    } ]
  } ],
  "inputValues" : {
    "screen" : {
      "type" : "CONTEXT_BINDING",
      "binding" : {
        "address" : [ "screen" ],
        "category" : "props"
      }
    },
    "activityLogs" : {
      "type" : "CONTEXT_BINDING",
      "binding" : {
        "address" : [ "activityLogs" ],
        "category" : "props"
      }
    },
    "extraParams" : {
      "type" : "CONTEXT_BINDING",
      "binding" : {
        "address" : [ "extraParams" ],
        "category" : "props"
      }
    },
    "fields" : {
      "type" : "CONTEXT_BINDING",
      "binding" : {
        "address" : [ "fields" ],
        "category" : "props"
      }
    },
    "table" : {
      "type" : "CONTEXT_BINDING",
      "binding" : {
        "address" : [ "table" ],
        "category" : "props"
      }
    },
    "sysId" : {
      "type" : "CONTEXT_BINDING",
      "binding" : {
        "address" : [ "sysId" ],
        "category" : "props"
      }
    },
    "query" : {
      "type" : "CONTEXT_BINDING",
      "binding" : {
        "address" : [ "query" ],
        "category" : "props"
      }
    },
    "userPrefs" : {
      "type" : "CONTEXT_BINDING",
      "binding" : {
        "address" : [ "userPrefs" ],
        "category" : "props"
      }
    },
    "views" : {
      "type" : "CONTEXT_BINDING",
      "binding" : {
        "address" : [ "views" ],
        "category" : "props"
      }
    },
    "selectedTabIndex" : {
      "type" : "CONTEXT_BINDING",
      "binding" : {
        "address" : [ "selectedTabIndex" ],
        "category" : "props"
      }
    }
  },
  "readEvaluationMode" : "EAGER"
} ]</data>
        <description/>
        <dispatched_events/>
        <ext_controller_dep/>
        <extends display_value="Page Template">19be392623033300f4b4c50947bf65ba</extends>
        <handled_events/>
        <interactions/>
        <interfaces/>
        <internal_event_mappings>{ }</internal_event_mappings>
        <layout>{
  "default" : {
    "children" : null,
    "isInline" : null,
    "items" : [{"element_id":"form_1","styles":{}}],
    "root" : null,
    "rules" : null,
    "styles" : {"flex-direction":"column"},
    "templateId" : "5832fd4d53c31010e6bcddeeff7b12db",
    "type" : "flex"
  },
  "version" : "3.0.0"
}</layout>
        <macroponent_dependencies/>
        <name>new record page Tokyo default</name>
        <output_prop_mapping/>
        <props>[ {
  "name" : "screen",
  "label" : "screen",
  "fieldType" : "json",
  "typeMetadata" : null,
  "valueType" : "string",
  "mandatory" : false,
  "defaultValue" : null,
  "description" : null,
  "readOnly" : false,
  "selectable" : false,
  "disabled" : false
}, {
  "name" : "activityLogs",
  "label" : "activityLogs",
  "fieldType" : "json",
  "typeMetadata" : null,
  "valueType" : "string",
  "mandatory" : false,
  "defaultValue" : null,
  "description" : null,
  "readOnly" : false,
  "selectable" : false,
  "disabled" : false
}, {
  "name" : "extraParams",
  "label" : "extraParams",
  "fieldType" : "string",
  "typeMetadata" : null,
  "valueType" : "string",
  "mandatory" : false,
  "defaultValue" : null,
  "description" : null,
  "readOnly" : false,
  "selectable" : false,
  "disabled" : false
}, {
  "name" : "fields",
  "label" : "fields",
  "fieldType" : "string",
  "typeMetadata" : null,
  "valueType" : "string",
  "mandatory" : false,
  "defaultValue" : null,
  "description" : null,
  "readOnly" : false,
  "selectable" : false,
  "disabled" : false
}, {
  "name" : "table",
  "label" : "Table",
  "fieldType" : null,
  "typeMetadata" : null,
  "valueType" : null,
  "mandatory" : true,
  "defaultValue" : null,
  "description" : null,
  "readOnly" : false,
  "selectable" : false,
  "disabled" : false
}, {
  "name" : "sysId",
  "label" : "sysId",
  "fieldType" : null,
  "typeMetadata" : null,
  "valueType" : null,
  "mandatory" : true,
  "defaultValue" : null,
  "description" : null,
  "readOnly" : false,
  "selectable" : false,
  "disabled" : false
}, {
  "name" : "query",
  "label" : "query",
  "fieldType" : "string",
  "typeMetadata" : null,
  "valueType" : "string",
  "mandatory" : false,
  "defaultValue" : null,
  "description" : null,
  "readOnly" : false,
  "selectable" : false,
  "disabled" : false
}, {
  "name" : "userPrefs",
  "label" : "user preferences",
  "fieldType" : "json",
  "typeMetadata" : null,
  "valueType" : "string",
  "mandatory" : false,
  "defaultValue" : null,
  "description" : "List of all user preferences",
  "readOnly" : false,
  "selectable" : false,
  "disabled" : false
}, {
  "name" : "views",
  "label" : "View",
  "fieldType" : null,
  "typeMetadata" : null,
  "valueType" : null,
  "mandatory" : false,
  "defaultValue" : "",
  "description" : null,
  "readOnly" : false,
  "selectable" : false,
  "disabled" : false
}, {
  "name" : "selectedTabIndex",
  "label" : "selectedTabIndex",
  "fieldType" : "string",
  "typeMetadata" : {
    "choices" : [ ],
    "schema" : {
      "type" : "number"
    },
    "translatable" : false
  },
  "valueType" : "number",
  "mandatory" : false,
  "defaultValue" : 0,
  "description" : "",
  "readOnly" : false,
  "selectable" : false,
  "disabled" : false
} ]</props>
        <required_translations>[ ]</required_translations>
        <root_component/>
        <root_component_config>{ }</root_component_config>
        <root_component_definition/>
        <schema_version>1.0.0</schema_version>
        <state_properties>[ ]</state_properties>
        <sys_class_name>sys_ux_macroponent</sys_class_name>
        <sys_created_by>Marc.Mouries</sys_created_by>
        <sys_created_on>2022-09-15 18:20:21</sys_created_on>
        <sys_id>2b60af401b065110b00dddf6b04bcbb0</sys_id>
        <sys_mod_count>3</sys_mod_count>
        <sys_name>new record page Tokyo default</sys_name>
        <sys_package display_value="UIB Examples" source="x_snc_uib_examples">a0a606201b0f8510ce2b6579b04bcb65</sys_package>
        <sys_policy/>
        <sys_scope display_value="UIB Examples">a0a606201b0f8510ce2b6579b04bcb65</sys_scope>
        <sys_update_name>sys_ux_macroponent_2b60af401b065110b00dddf6b04bcbb0</sys_update_name>
        <sys_updated_by>Marc.Mouries</sys_updated_by>
        <sys_updated_on>2022-09-15 18:21:06</sys_updated_on>
    </sys_ux_macroponent>
</record_update>
