<?xml version="1.0" encoding="UTF-8"?><record_update>
    <sys_documentation element="sys_id" label="ID do sistema" language="pt" table="sn_ex_sp_pro_application_category">
        <sys_documentation action="INSERT_OR_UPDATE">
            <element>sys_id</element>
            <help/>
            <hint/>
            <label>ID do sistema</label>
            <language>pt</language>
            <name>sn_ex_sp_pro_application_category</name>
            <plural>ID dos sistemas</plural>
            <sys_class_name>sys_documentation</sys_class_name>
            <sys_created_by>Marc.Mouries</sys_created_by>
            <sys_created_on>2022-05-31 15:32:51</sys_created_on>
            <sys_mod_count>1</sys_mod_count>
            <sys_name>ID do sistema</sys_name>
            <sys_package display_value="Employee Center Pro" source="sn_ex_sp_pro">236addd4d75048c1a5f250d73c064976</sys_package>
            <sys_policy/>
            <sys_scope display_value="UIB Examples">a0a606201b0f8510ce2b6579b04bcb65</sys_scope>
            <sys_update_name>sys_documentation_sn_ex_sp_pro_application_category_sys_id_pt</sys_update_name>
            <sys_updated_by>Marc.Mouries</sys_updated_by>
            <sys_updated_on>2022-11-04 16:07:04</sys_updated_on>
            <url/>
            <url_target/>
        </sys_documentation>
    </sys_documentation>
</record_update>
