<?xml version="1.0" encoding="UTF-8"?><record_update table="sys_ux_client_script">
    <sys_ux_client_script action="INSERT_OR_UPDATE">
        <includes/>
        <macroponent display_value="Record">f9e9f2bf1bf1d510b00dddf6b04bcbae</macroponent>
        <name>Handle activityLogs update</name>
        <preset/>
        <required_translations/>
        <script><![CDATA[
function handler({api, event: {payload: {name, value}}, helpers, imports}) {
    const TEMPLATES_REFRESH_STATE_NAME = 'templatesRefresh';
    const TEMPLATES_REFRESH_OPERATIONS = ['inserted', 'closed', 'deleted', 'updated'];
    const templateRefreshState = api.state[TEMPLATES_REFRESH_STATE_NAME];

    if (name === 'activityLogs' && value && value.size > 0) {
        const mapEntries = Array.from(value);
        if (!mapEntries || mapEntries.length < 1)
            return;
        const curCrudActivities = mapEntries.pop()[1].activities.get('crud');
        if (!curCrudActivities || curCrudActivities.length < 1)
            return;
        const {table, operation, timestamp} = curCrudActivities[curCrudActivities.length - 1];

        if (table.match(/^sys_template\d*$/) && TEMPLATES_REFRESH_OPERATIONS.includes(operation) && timestamp !== templateRefreshState.timestamp) {
                api.setState(TEMPLATES_REFRESH_STATE_NAME, {
                    timestamp,
                });
        }
    }
}]]></script>
        <script_api_version>2.0.0</script_api_version>
        <sys_class_name>sys_ux_client_script</sys_class_name>
        <sys_created_by>Marc.Mouries</sys_created_by>
        <sys_created_on>2022-09-14 20:53:38</sys_created_on>
        <sys_id>dbe976bf1bf1d510b00dddf6b04bcb10</sys_id>
        <sys_mod_count>0</sys_mod_count>
        <sys_name>Handle activityLogs update</sys_name>
        <sys_package display_value="UIB Examples" source="x_snc_uib_examples">a0a606201b0f8510ce2b6579b04bcb65</sys_package>
        <sys_policy/>
        <sys_scope display_value="UIB Examples">a0a606201b0f8510ce2b6579b04bcb65</sys_scope>
        <sys_update_name>sys_ux_client_script_dbe976bf1bf1d510b00dddf6b04bcb10</sys_update_name>
        <sys_updated_by>Marc.Mouries</sys_updated_by>
        <sys_updated_on>2022-09-14 20:53:38</sys_updated_on>
        <target>macroponent</target>
        <type>default</type>
    </sys_ux_client_script>
</record_update>
