<?xml version="1.0" encoding="UTF-8"?><record_update table="sys_ux_event">
    <sys_ux_event action="INSERT_OR_UPDATE">
        <description/>
        <event_name>NAV_ITEM_SELECTED_RELAY_0f178e204a0f85109886b495cde75f89</event_name>
        <explicit_api_name/>
        <interfaces/>
        <label>Link to destination Relay (New Home default)</label>
        <props>[
    {
        "fieldType": "string",
        "interfaceApiName": "global.route",
        "label": "Route type",
        "name": "route"
    },
    {
        "fieldType": "json",
        "interfaceApiName": "global.route",
        "label": "Route fields",
        "name": "fields"
    },
    {
        "fieldType": "json",
        "interfaceApiName": "global.route",
        "label": "Optionals parameters",
        "name": "params"
    },
    {
        "fieldType": "boolean",
        "interfaceApiName": null,
        "label": "Remove previous URL from browser history",
        "name": "redirect"
    },
    {
        "fieldType": "boolean",
        "interfaceApiName": null,
        "label": "Load in background (advanced)",
        "name": "passiveNavigation"
    },
    {
        "fieldType": "string",
        "interfaceApiName": null,
        "label": "Title (advanced)",
        "name": "title"
    },
    {
        "fieldType": "string",
        "interfaceApiName": null,
        "label": "Multi-instance field (advanced)",
        "name": "multiInstField"
    },
    {
        "fieldType": "string",
        "interfaceApiName": null,
        "label": "Sub-navigation route (advanced)",
        "name": "targetRoute"
    },
    {
        "fieldType": "json",
        "interfaceApiName": "global.route",
        "label": "External URL object",
        "name": "external"
    }
]</props>
        <required_translations>[ {
  "message" : "External URL object",
  "comment" : ""
}, {
  "message" : "Load in background (advanced)",
  "comment" : ""
}, {
  "message" : "Multi-instance field (advanced)",
  "comment" : ""
}, {
  "message" : "Optionals parameters",
  "comment" : ""
}, {
  "message" : "Remove previous URL from browser history",
  "comment" : ""
}, {
  "message" : "Route fields",
  "comment" : ""
}, {
  "message" : "Route type",
  "comment" : ""
}, {
  "message" : "Sub-navigation route (advanced)",
  "comment" : ""
}, {
  "message" : "Title (advanced)",
  "comment" : ""
} ]</required_translations>
        <schema_version>1.0.0</schema_version>
        <sys_class_name>sys_ux_event</sys_class_name>
        <sys_created_by>Marc.Mouries</sys_created_by>
        <sys_created_on>2022-04-20 21:58:42</sys_created_on>
        <sys_id>4b178e20d20f8510ac6ffc4e66e26e89</sys_id>
        <sys_mod_count>1</sys_mod_count>
        <sys_name>Link to destination Relay (New Home default)</sys_name>
        <sys_package display_value="UIB Examples" source="x_snc_uib_examples">a0a606201b0f8510ce2b6579b04bcb65</sys_package>
        <sys_policy/>
        <sys_scope display_value="UIB Examples">a0a606201b0f8510ce2b6579b04bcb65</sys_scope>
        <sys_update_name>sys_ux_event_4b178e20d20f8510ac6ffc4e66e26e89</sys_update_name>
        <sys_updated_by>Marc.Mouries</sys_updated_by>
        <sys_updated_on>2023-09-27 13:43:01</sys_updated_on>
    </sys_ux_event>
    <sys_translated_text action="delete_multiple" query="documentkey=4b178e20d20f8510ac6ffc4e66e26e89"/>
</record_update>
