<?xml version="1.0" encoding="UTF-8"?><record_update table="sys_properties">
    <sys_properties action="INSERT_OR_UPDATE">
        <choices/>
        <description/>
        <ignore_cache>true</ignore_cache>
        <is_private>false</is_private>
        <name>x_snc_uib_examples.date_format</name>
        <read_roles>snc_internal</read_roles>
        <suffix>date_format</suffix>
        <sys_class_name>sys_properties</sys_class_name>
        <sys_created_by>Marc.Mouries</sys_created_by>
        <sys_created_on>2022-05-27 01:44:18</sys_created_on>
        <sys_id>c032945c1b73c910b00dddf6b04bcbc9</sys_id>
        <sys_mod_count>5</sys_mod_count>
        <sys_name>x_snc_uib_examples.date_format</sys_name>
        <sys_package display_value="UIB Examples" source="x_snc_uib_examples">a0a606201b0f8510ce2b6579b04bcb65</sys_package>
        <sys_policy/>
        <sys_scope display_value="UIB Examples">a0a606201b0f8510ce2b6579b04bcb65</sys_scope>
        <sys_update_name>sys_properties_c032945c1b73c910b00dddf6b04bcbc9</sys_update_name>
        <sys_updated_by>Marc.Mouries</sys_updated_by>
        <sys_updated_on>2022-05-28 19:47:53</sys_updated_on>
        <type>string</type>
        <value>dd-mm-yy</value>
        <write_roles>snc_internal</write_roles>
    </sys_properties>
    <sys_translated_text action="delete_multiple" query="documentkey=c032945c1b73c910b00dddf6b04bcbc9"/>
</record_update>
