<?xml version="1.0" encoding="UTF-8"?><record_update table="sys_ux_client_script">
    <sys_ux_client_script action="INSERT_OR_UPDATE">
        <includes/>
        <macroponent display_value="dashboard card">e63c09591b034910b00dddf6b04bcbf8</macroponent>
        <name>Card Clicked</name>
        <preset/>
        <required_translations>[ ]</required_translations>
        <script><![CDATA[/**
* @param {params} params
* @param {api} params.api
* @param {any} params.event
* @param {any} params.imports
* @param {ApiHelpers} params.helpers
*/
function handler({api, event, helpers, imports}) {
        console.log("\nCARD CLICKED");
    console.log("playload 1");

    console.log( event);
    console.log("playload 2");
console.log( JSON.stringify (event, null, 4));

}]]></script>
        <script_api_version>2.0.0</script_api_version>
        <sys_class_name>sys_ux_client_script</sys_class_name>
        <sys_created_by>Marc.Mouries</sys_created_by>
        <sys_created_on>2022-04-23 02:32:52</sys_created_on>
        <sys_id>260991951b434910b00dddf6b04bcb3b</sys_id>
        <sys_mod_count>3</sys_mod_count>
        <sys_name>Card Clicked</sys_name>
        <sys_package display_value="UIB Examples" source="x_snc_uib_examples">a0a606201b0f8510ce2b6579b04bcb65</sys_package>
        <sys_policy/>
        <sys_scope display_value="UIB Examples">a0a606201b0f8510ce2b6579b04bcb65</sys_scope>
        <sys_update_name>sys_ux_client_script_260991951b434910b00dddf6b04bcb3b</sys_update_name>
        <sys_updated_by>Marc.Mouries</sys_updated_by>
        <sys_updated_on>2022-04-23 02:39:36</sys_updated_on>
        <target>macroponent</target>
        <type>default</type>
    </sys_ux_client_script>
</record_update>
