<?xml version="1.0" encoding="UTF-8"?><record_update sys_domain="global" table="sys_ux_addon_event_mapping">
    <sys_ux_addon_event_mapping action="INSERT_OR_UPDATE">
        <active>true</active>
        <controller/>
        <description>Mapping to open kb_translate page on clicking Translate action on Knowledge form.</description>
        <name>copy of record KB Record To Translate Page</name>
        <parent_macroponent display_value="Record">0e49fa3f1bf1d510b00dddf6b04bcb36</parent_macroponent>
        <source_component/>
        <source_da display_value="Translate Article">fa709d82319f5010f8777c12581bbc8b</source_da>
        <source_element_id>ui_action_bar</source_element_id>
        <sys_class_name>sys_ux_addon_event_mapping</sys_class_name>
        <sys_created_by>Marc.Mouries</sys_created_by>
        <sys_created_on>2022-09-14 20:50:58</sys_created_on>
        <sys_domain>global</sys_domain>
        <sys_domain_path>/</sys_domain_path>
        <sys_id>8859727f1bf1d510b00dddf6b04bcb20</sys_id>
        <sys_mod_count>0</sys_mod_count>
        <sys_name>copy of record KB Record To Translate Page</sys_name>
        <sys_overrides/>
        <sys_package display_value="Knowledge Management Advanced" source="com.snc.knowledge_advanced">91310d151bcdc510b00dddf6b04bcbc4</sys_package>
        <sys_policy/>
        <sys_scope display_value="UIB Examples">a0a606201b0f8510ce2b6579b04bcb65</sys_scope>
        <sys_update_name>sys_ux_addon_event_mapping_8859727f1bf1d510b00dddf6b04bcb20</sys_update_name>
        <sys_updated_by>Marc.Mouries</sys_updated_by>
        <sys_updated_on>2022-09-14 20:50:58</sys_updated_on>
        <target_event display_value="[Record Page] Item Selected">835ec4a00f4310107d20409dc4767eaa</target_event>
        <target_payload_mapping>{
		    "type": "MAP_CONTAINER",
		    "container": {
		      "route": {
		        "type": "EVENT_PAYLOAD_BINDING",
		        "binding": {
		          "address": [
		            "route"
		          ]
		        }
		      },
		      "fields": {
		        "type": "EVENT_PAYLOAD_BINDING",
		        "binding": {
		            "address": [
		              "fields"
		            ]
		          }
		      },
		      "params": {
		        "type": "EVENT_PAYLOAD_BINDING",
		        "binding": {
		            "address": [
		              "params"
		            ]
		          }
		      },
		      "redirect": {
		        "type": "EVENT_PAYLOAD_BINDING",
		        "binding": {
		            "address": [
		              "redirect"
		            ]
		          }
		      },
		      "passiveNavigation": {
		        "type": "EVENT_PAYLOAD_BINDING",
		        "binding": {
		            "address": [
		              "passiveNavigation"
		            ]
		          }
		      },
		      "title": {
		        "type": "EVENT_PAYLOAD_BINDING",
		        "binding": {
		            "address": [
		              "title"
		            ]
		          }
		      },
		      "multiInstField": {
		        "type": "EVENT_PAYLOAD_BINDING",
		        "binding": {
		            "address": [
		              "multiInstField"
		            ]
		          }
		      },
		      "external": {
		        "type": "EVENT_PAYLOAD_BINDING",
		        "binding": {
		            "address": [
		              "external"
		            ]
		          }
		      },
		      "targetRoute": {
		      	"type": "JSON_LITERAL",
		      	"value": "current"
		      }
		  }
		}</target_payload_mapping>
    </sys_ux_addon_event_mapping>
</record_update>
