<?xml version="1.0" encoding="UTF-8"?><record_update table="sys_ux_macroponent">
    <sys_ux_macroponent action="INSERT_OR_UPDATE">
        <associated_types/>
        <category>page</category>
        <component_dependencies/>
        <composition>[ {
  "elementId" : "ref_search_list_1",
  "elementLabel" : "Reference Lookup List",
  "propertyValues" : {
    "table" : {
      "type" : "CONTEXT_BINDING",
      "binding" : {
        "address" : [ "table" ],
        "category" : "props"
      }
    },
    "recordSysId" : {
      "type" : "CONTEXT_BINDING",
      "binding" : {
        "address" : [ "sysId" ],
        "category" : "props"
      }
    },
    "referenceKey" : {
      "type" : "CONTEXT_BINDING",
      "binding" : {
        "address" : [ "referenceKey" ],
        "category" : "props"
      }
    },
    "refTableName" : {
      "type" : "CONTEXT_BINDING",
      "binding" : {
        "address" : [ "referenceTable" ],
        "category" : "props"
      }
    },
    "field" : {
      "type" : "CONTEXT_BINDING",
      "binding" : {
        "address" : [ "referenceField" ],
        "category" : "props"
      }
    },
    "listTitle" : {
      "type" : "CONTEXT_BINDING",
      "binding" : {
        "address" : [ "label" ],
        "category" : "props"
      }
    },
    "chars" : {
      "type" : "JSON_LITERAL",
      "value" : "**"
    },
    "ignoreRefQual" : {
      "type" : "JSON_LITERAL",
      "value" : false
    },
    "serializedChanges" : {
      "type" : "CONTEXT_BINDING",
      "binding" : {
        "address" : [ "serializedChanges" ],
        "category" : "props"
      }
    },
    "encodedRecord" : {
      "type" : "CONTEXT_BINDING",
      "binding" : {
        "address" : [ "encodedRecord" ],
        "category" : "props"
      }
    }
  },
  "eventMappings" : [ {
    "eventMappingId" : "ckfffejsaaaaaaaaacddhhhddiigoeethhuy",
    "isConfiguration" : false,
    "offRowStorageId" : null,
    "sourceEventApiName" : "sn_record_list_con.NOW_RECORD_LIST_CONNECTED#ROW_CLICKED",
    "sourceEventCorrelationId" : null,
    "sourceEventDefinition" : {
      "apiName" : "sn_record_list_con.NOW_RECORD_LIST_CONNECTED#ROW_CLICKED",
      "id" : null,
      "type" : "UXEVENT"
    },
    "sourceEventSysId" : null,
    "targets" : [ {
      "broker" : null,
      "clientScript" : null,
      "conditional" : null,
      "declarativeAction" : null,
      "event" : {
        "apiName" : "global.REF_PICK#ROW_CLICKED",
        "payload" : {
          "type" : "MAP_CONTAINER",
          "container" : {
            "row" : {
              "type" : "EVENT_PAYLOAD_BINDING",
              "binding" : {
                "address" : [ "row" ]
              }
            },
            "referenceField" : {
              "type" : "CONTEXT_BINDING",
              "binding" : {
                "address" : [ "referenceField" ],
                "category" : "props"
              }
            }
          }
        },
        "sysId" : null
      },
      "operation" : null,
      "targetId" : "ckfffejsaaaaaaaaadddhhhddsdxcmpiigg",
      "type" : "EVENT"
    }, {
      "broker" : null,
      "clientScript" : null,
      "conditional" : null,
      "declarativeAction" : null,
      "event" : {
        "apiName" : "global.MODAL_SELECTED_RELAY_d7f8b70dff13101035be517f793bf1e0",
        "payload" : {
          "type" : "JSON_LITERAL",
          "value" : {
            "showModal" : false
          }
        },
        "sysId" : null
      },
      "operation" : null,
      "targetId" : "ckfffmtohhcaaaaaadddhhhddkpbccwjtff",
      "type" : "EVENT"
    } ]
  } ],
  "slot" : "default-slot",
  "definition" : {
    "id" : "abe955e5ff13101035be517f793bf140",
    "type" : "MACROPONENT"
  },
  "overrides" : null,
  "isHidden" : {
    "type" : "JSON_LITERAL",
    "value" : false
  },
  "isHero" : false,
  "isNonDestructive" : false,
  "styles" : { }
} ]</composition>
        <da_relay_models/>
        <data>[ ]</data>
        <description/>
        <dispatched_events>7d0808e9ff57101035be517f793bf159,1cb0c1a15313101035beddeeff7b125f</dispatched_events>
        <ext_controller_dep/>
        <extends display_value="Page Template">19be392623033300f4b4c50947bf65ba</extends>
        <handled_events/>
        <interactions/>
        <interfaces/>
        <internal_event_mappings>{ }</internal_event_mappings>
        <layout>{
  "default" : {
    "children" : null,
    "isInline" : null,
    "items" : [{"slotName":"default-slot","styles":{"flex-direction":"column"}}],
    "root" : null,
    "rules" : {"flex-direction":"column"},
    "styles" : null,
    "templateId" : null,
    "type" : "flex"
  }
}</layout>
        <macroponent_dependencies/>
        <name>DA Modal Ref Lookup</name>
        <output_prop_mapping/>
        <props>[ {
  "name" : "sysId",
  "label" : "sysId",
  "fieldType" : "string",
  "typeMetadata" : null,
  "valueType" : "string",
  "mandatory" : false,
  "defaultValue" : null,
  "description" : null,
  "readOnly" : false,
  "selectable" : false,
  "disabled" : false
}, {
  "name" : "table",
  "label" : "table",
  "fieldType" : "string",
  "typeMetadata" : null,
  "valueType" : "string",
  "mandatory" : false,
  "defaultValue" : null,
  "description" : null,
  "readOnly" : false,
  "selectable" : false,
  "disabled" : false
}, {
  "name" : "referenceField",
  "label" : "referenceField",
  "fieldType" : "string",
  "typeMetadata" : null,
  "valueType" : "string",
  "mandatory" : false,
  "defaultValue" : null,
  "description" : null,
  "readOnly" : false,
  "selectable" : false,
  "disabled" : false
}, {
  "name" : "referenceKey",
  "label" : "referenceKey",
  "fieldType" : "string",
  "typeMetadata" : null,
  "valueType" : "string",
  "mandatory" : false,
  "defaultValue" : null,
  "description" : null,
  "readOnly" : false,
  "selectable" : false,
  "disabled" : false
}, {
  "name" : "label",
  "label" : "label",
  "fieldType" : "string",
  "typeMetadata" : null,
  "valueType" : "string",
  "mandatory" : false,
  "defaultValue" : null,
  "description" : null,
  "readOnly" : false,
  "selectable" : false,
  "disabled" : false
}, {
  "name" : "serializedChanges",
  "label" : "serializedChanges",
  "fieldType" : "string",
  "typeMetadata" : null,
  "valueType" : "string",
  "mandatory" : false,
  "defaultValue" : null,
  "description" : null,
  "readOnly" : false,
  "selectable" : false,
  "disabled" : false
}, {
  "name" : "referenceTable",
  "label" : "referenceTable",
  "fieldType" : "string",
  "typeMetadata" : null,
  "valueType" : "string",
  "mandatory" : false,
  "defaultValue" : null,
  "description" : null,
  "readOnly" : false,
  "selectable" : false,
  "disabled" : false
}, {
  "name" : "encodedRecord",
  "label" : "encodedRecord",
  "fieldType" : "string",
  "typeMetadata" : null,
  "valueType" : "string",
  "mandatory" : false,
  "defaultValue" : null,
  "description" : null,
  "readOnly" : false,
  "selectable" : false,
  "disabled" : false
} ]</props>
        <required_translations>[ ]</required_translations>
        <root_component/>
        <root_component_config>{ }</root_component_config>
        <root_component_definition/>
        <schema_version>1.0.0</schema_version>
        <state_properties>[ ]</state_properties>
        <sys_class_name>sys_ux_macroponent</sys_class_name>
        <sys_created_by>Marc.Mouries</sys_created_by>
        <sys_created_on>2022-09-14 20:53:55</sys_created_on>
        <sys_id>1bf93abf1bf1d510b00dddf6b04bcbe3</sys_id>
        <sys_mod_count>0</sys_mod_count>
        <sys_name>DA Modal Ref Lookup</sys_name>
        <sys_package display_value="UIB Examples" source="x_snc_uib_examples">a0a606201b0f8510ce2b6579b04bcb65</sys_package>
        <sys_policy/>
        <sys_scope display_value="UIB Examples">a0a606201b0f8510ce2b6579b04bcb65</sys_scope>
        <sys_update_name>sys_ux_macroponent_1bf93abf1bf1d510b00dddf6b04bcbe3</sys_update_name>
        <sys_updated_by>Marc.Mouries</sys_updated_by>
        <sys_updated_on>2022-09-14 20:53:55</sys_updated_on>
    </sys_ux_macroponent>
</record_update>
