<?xml version="1.0" encoding="UTF-8"?><record_update table="sys_ux_client_script">
    <sys_ux_client_script action="INSERT_OR_UPDATE">
        <includes/>
        <macroponent display_value="links">2facfbf11b5f8110b00dddf6b04bcb9f</macroponent>
        <name>Open External Page</name>
        <preset/>
        <required_translations>[ ]</required_translations>
        <script><![CDATA[/**
* @param {params} params
* @param {api} params.api
* @param {any} params.event
* @param {any} params.imports
* @param {ApiHelpers} params.helpers
*/
function handler({api, event, helpers, imports}) {
    helpers.navigate.to('iframe');

}]]></script>
        <script_api_version>2.0.0</script_api_version>
        <sys_class_name>sys_ux_client_script</sys_class_name>
        <sys_created_by>Marc.Mouries</sys_created_by>
        <sys_created_on>2022-05-07 14:04:25</sys_created_on>
        <sys_id>dd9d3ff11b5f8110b00dddf6b04bcb8f</sys_id>
        <sys_mod_count>6</sys_mod_count>
        <sys_name>Open External Page</sys_name>
        <sys_package display_value="UIB Examples" source="x_snc_uib_examples">a0a606201b0f8510ce2b6579b04bcb65</sys_package>
        <sys_policy/>
        <sys_scope display_value="UIB Examples">a0a606201b0f8510ce2b6579b04bcb65</sys_scope>
        <sys_update_name>sys_ux_client_script_dd9d3ff11b5f8110b00dddf6b04bcb8f</sys_update_name>
        <sys_updated_by>Marc.Mouries</sys_updated_by>
        <sys_updated_on>2022-05-07 15:34:02</sys_updated_on>
        <target>macroponent</target>
        <type>default</type>
    </sys_ux_client_script>
</record_update>
