<?xml version="1.0" encoding="UTF-8"?><record_update>
    <sys_documentation element="name" label="Name" language="en" table="x_snc_uib_examples_example">
        <sys_documentation action="INSERT_OR_UPDATE">
            <element>name</element>
            <help/>
            <hint/>
            <label>Name</label>
            <language>en</language>
            <name>x_snc_uib_examples_example</name>
            <plural>Names</plural>
            <sys_class_name>sys_documentation</sys_class_name>
            <sys_created_by>Marc.Mouries</sys_created_by>
            <sys_created_on>2022-12-22 15:44:13</sys_created_on>
            <sys_mod_count>0</sys_mod_count>
            <sys_name>Name</sys_name>
            <sys_package display_value="UIB Examples" source="x_snc_uib_examples">a0a606201b0f8510ce2b6579b04bcb65</sys_package>
            <sys_policy/>
            <sys_scope display_value="UIB Examples">a0a606201b0f8510ce2b6579b04bcb65</sys_scope>
            <sys_update_name>sys_documentation_x_snc_uib_examples_example_name_en</sys_update_name>
            <sys_updated_by>Marc.Mouries</sys_updated_by>
            <sys_updated_on>2022-12-22 15:44:13</sys_updated_on>
            <url/>
            <url_target/>
        </sys_documentation>
    </sys_documentation>
</record_update>
