<?xml version="1.0" encoding="UTF-8"?><record_update table="sys_security_acl_role">
    <sys_security_acl_role action="INSERT_OR_UPDATE">
        <sys_class_name>sys_security_acl_role</sys_class_name>
        <sys_created_by>Marc.Mouries</sys_created_by>
        <sys_created_on>2022-05-30 04:42:43</sys_created_on>
        <sys_id>0549181d1b738110ce2b6579b04bcba8</sys_id>
        <sys_mod_count>0</sys_mod_count>
        <sys_name>.snc_internal</sys_name>
        <sys_package display_value="UIB Examples" source="x_snc_uib_examples">a0a606201b0f8510ce2b6579b04bcb65</sys_package>
        <sys_policy/>
        <sys_scope display_value="UIB Examples">a0a606201b0f8510ce2b6579b04bcb65</sys_scope>
        <sys_security_acl display_value="503414d51b738110ce2b6579b04bcbce">9b39585d1b738110ce2b6579b04bcb6d</sys_security_acl>
        <sys_update_name>sys_security_acl_role_0549181d1b738110ce2b6579b04bcba8</sys_update_name>
        <sys_updated_by>Marc.Mouries</sys_updated_by>
        <sys_updated_on>2022-05-30 04:42:43</sys_updated_on>
        <sys_user_role display_value="snc_internal" name="snc_internal">7fcaa702933002009c8579b4f47ffbde</sys_user_role>
        <transaction_id/>
    </sys_security_acl_role>
</record_update>
