<?xml version="1.0" encoding="UTF-8"?><record_update table="sys_user_role">
    <sys_user_role action="INSERT_OR_UPDATE">
        <assignable_by/>
        <can_delegate>true</can_delegate>
        <description/>
        <elevated_privilege>false</elevated_privilege>
        <encryption_context/>
        <grantable>true</grantable>
        <includes_roles/>
        <name>x_snc_uib_examples.example_user</name>
        <requires_subscription>-1</requires_subscription>
        <scoped_admin>false</scoped_admin>
        <suffix>example_user</suffix>
        <sys_class_name>sys_user_role</sys_class_name>
        <sys_created_by>Marc.Mouries</sys_created_by>
        <sys_created_on>2022-12-18 14:27:16</sys_created_on>
        <sys_id>3d80f6921bf35114b00dddf6b04bcb39</sys_id>
        <sys_mod_count>0</sys_mod_count>
        <sys_name>x_snc_uib_examples.example_user</sys_name>
        <sys_package display_value="UIB Examples" source="x_snc_uib_examples">a0a606201b0f8510ce2b6579b04bcb65</sys_package>
        <sys_policy/>
        <sys_scope display_value="UIB Examples">a0a606201b0f8510ce2b6579b04bcb65</sys_scope>
        <sys_update_name>sys_user_role_3d80f6921bf35114b00dddf6b04bcb39</sys_update_name>
        <sys_updated_by>Marc.Mouries</sys_updated_by>
        <sys_updated_on>2022-12-18 14:27:16</sys_updated_on>
    </sys_user_role>
</record_update>
