<?xml version="1.0" encoding="UTF-8"?><record_update table="sys_security_acl_role">
    <sys_security_acl_role action="INSERT_OR_UPDATE">
        <sys_class_name>sys_security_acl_role</sys_class_name>
        <sys_created_by>Marc.Mouries</sys_created_by>
        <sys_created_on>2022-05-07 15:39:48</sys_created_on>
        <sys_id>2e6354ca1b53c110ce2b6579b04bcb38</sys_id>
        <sys_mod_count>0</sys_mod_count>
        <sys_name>x.snc.uib--examples-portal.*.canvas_user</sys_name>
        <sys_package display_value="UIB Examples" source="x_snc_uib_examples">a0a606201b0f8510ce2b6579b04bcb65</sys_package>
        <sys_policy/>
        <sys_scope display_value="UIB Examples">a0a606201b0f8510ce2b6579b04bcb65</sys_scope>
        <sys_security_acl display_value="x.snc.uib--examples-portal.*">2e6314ca1b53c110ce2b6579b04bcb9e</sys_security_acl>
        <sys_update_name>sys_security_acl_role_2e6354ca1b53c110ce2b6579b04bcb38</sys_update_name>
        <sys_updated_by>Marc.Mouries</sys_updated_by>
        <sys_updated_on>2022-05-07 15:39:48</sys_updated_on>
        <sys_user_role display_value="canvas_user" name="canvas_user">8536f54bc713330072b211d4d8c26080</sys_user_role>
        <transaction_id/>
    </sys_security_acl_role>
</record_update>
