<?xml version="1.0" encoding="UTF-8"?><record_update table="sys_ux_data_broker_rest">
    <sys_ux_data_broker_rest action="INSERT_OR_UPDATE">
        <api_name>x_snc_uib_examples.Get User Details</api_name>
        <api_url>/api/now/table/sys_user/{{sys_id}}</api_url>
        <description/>
        <http_method>GET</http_method>
        <mutates_server_data>false</mutates_server_data>
        <name>Get User Details</name>
        <output_schema/>
        <parameters>sysparm_fields=first_name,last_name,email,user_name,sys_id</parameters>
        <private>false</private>
        <props>[&#13;
  {&#13;
    "name": "sys_id",&#13;
    "label": "SysId",&#13;
    "description": "The user's SysId",&#13;
    "readOnly": false,&#13;
    "mandatory": true,&#13;
    "defaultValue": ""&#13;
  }&#13;
]</props>
        <request_body/>
        <required_translations>[ {
  "message" : "SysId",
  "comment" : ""
}, {
  "message" : "The user's SysId",
  "comment" : ""
} ]</required_translations>
        <schema_version>1.0.0</schema_version>
        <sys_class_name>sys_ux_data_broker_rest</sys_class_name>
        <sys_created_by>Marc.Mouries</sys_created_by>
        <sys_created_on>2022-05-30 04:30:01</sys_created_on>
        <sys_id>503414d51b738110ce2b6579b04bcbce</sys_id>
        <sys_mod_count>3</sys_mod_count>
        <sys_name>Get User Details</sys_name>
        <sys_package display_value="UIB Examples" source="x_snc_uib_examples">a0a606201b0f8510ce2b6579b04bcb65</sys_package>
        <sys_policy/>
        <sys_scope display_value="UIB Examples">a0a606201b0f8510ce2b6579b04bcb65</sys_scope>
        <sys_update_name>sys_ux_data_broker_rest_503414d51b738110ce2b6579b04bcbce</sys_update_name>
        <sys_updated_by>Marc.Mouries</sys_updated_by>
        <sys_updated_on>2022-05-30 04:57:22</sys_updated_on>
    </sys_ux_data_broker_rest>
    <sys_translated_text action="delete_multiple" query="documentkey=503414d51b738110ce2b6579b04bcbce"/>
</record_update>
