<?xml version="1.0" encoding="UTF-8"?><record_update table="sys_ux_client_script">
    <sys_ux_client_script action="INSERT_OR_UPDATE">
        <includes/>
        <macroponent display_value="simple form">3d74fe371bf1d510b00dddf6b04bcba7</macroponent>
        <name>Record Modal</name>
        <preset/>
        <required_translations>[ ]</required_translations>
        <script><![CDATA[function handler({
        api,
        event,
        imports,
        helpers
    }) {
    
    console.log("inside RECORD MODAL");
    console.log(event);


    const { name, payload: { route, fields, params, size = 'md', ariaLabel}} = event;
    
    if (name === 'RECORD#CLOSE_MODAL')
        helpers.modal.close();
    
    else if (name === 'RECORD#OPEN_MODAL') {
        if (!route)
            return;
        
        api.setState('bare', true);
        api.setState('displayOptions', { size: size, label: ariaLabel });
        api.setState('contents', {
            route: route,
            fields: fields,
            params: params
        });
    }
    
}]]></script>
        <script_api_version>2.0.0</script_api_version>
        <sys_class_name>sys_ux_client_script</sys_class_name>
        <sys_created_by>marc.mouries@snc</sys_created_by>
        <sys_created_on>2022-09-14 21:30:55</sys_created_on>
        <sys_id>917243bf1b35d510b00dddf6b04bcb44</sys_id>
        <sys_mod_count>3</sys_mod_count>
        <sys_name>Record Modal</sys_name>
        <sys_package display_value="UIB Examples" source="x_snc_uib_examples">a0a606201b0f8510ce2b6579b04bcb65</sys_package>
        <sys_policy/>
        <sys_scope display_value="UIB Examples">a0a606201b0f8510ce2b6579b04bcb65</sys_scope>
        <sys_update_name>sys_ux_client_script_917243bf1b35d510b00dddf6b04bcb44</sys_update_name>
        <sys_updated_by>marc.mouries@snc</sys_updated_by>
        <sys_updated_on>2022-09-14 21:55:55</sys_updated_on>
        <target>macroponent</target>
        <type>default</type>
    </sys_ux_client_script>
</record_update>
