<?xml version="1.0" encoding="UTF-8"?><record_update sys_domain="global" table="sys_ux_addon_event_mapping">
    <sys_ux_addon_event_mapping action="INSERT_OR_UPDATE">
        <active>true</active>
        <controller/>
        <description>Configures event mapping to open kb_view page in a new tab on Record page</description>
        <name>copy of record View Article</name>
        <parent_macroponent display_value="Record">0e49fa3f1bf1d510b00dddf6b04bcb36</parent_macroponent>
        <source_component/>
        <source_da display_value="View Article">5ad98f897313101036fe41244ef6a773</source_da>
        <source_element_id>ui_action_bar</source_element_id>
        <sys_class_name>sys_ux_addon_event_mapping</sys_class_name>
        <sys_created_by>Marc.Mouries</sys_created_by>
        <sys_created_on>2022-09-14 20:50:57</sys_created_on>
        <sys_domain>global</sys_domain>
        <sys_domain_path>/</sys_domain_path>
        <sys_id>cc59727f1bf1d510b00dddf6b04bcb17</sys_id>
        <sys_mod_count>0</sys_mod_count>
        <sys_name>copy of record View Article</sys_name>
        <sys_overrides/>
        <sys_package display_value="Knowledge Capabilities in UI Builder" source="sn_km_uib">69b1da7e45311410f87746a114805d2d</sys_package>
        <sys_policy/>
        <sys_scope display_value="UIB Examples">a0a606201b0f8510ce2b6579b04bcb65</sys_scope>
        <sys_update_name>sys_ux_addon_event_mapping_cc59727f1bf1d510b00dddf6b04bcb17</sys_update_name>
        <sys_updated_by>Marc.Mouries</sys_updated_by>
        <sys_updated_on>2022-09-14 20:50:57</sys_updated_on>
        <target_event display_value="[Record Page] Item Selected">835ec4a00f4310107d20409dc4767eaa</target_event>
        <target_payload_mapping>{
    "type": "MAP_CONTAINER",
    "container": {
        "route": {
            "type": "EVENT_PAYLOAD_BINDING",
            "binding": {
                "address": [
                    "route"
                ]
            }
        },
        "fields": {
            "type": "EVENT_PAYLOAD_BINDING",
            "binding": {
                "address": [
                    "fields"
                ]
            }
        },
        "params": {
            "type": "EVENT_PAYLOAD_BINDING",
            "binding": {
                "address": [
                    "params"
                ]
            }
        },
        "redirect": {
            "type": "EVENT_PAYLOAD_BINDING",
            "binding": {
                "address": [
                    "redirect"
                ]
            }
        },
        "passiveNavigation": {
            "type": "EVENT_PAYLOAD_BINDING",
            "binding": {
                "address": [
                    "passiveNavigation"
                ]
            }
        },
        "title": {
            "type": "EVENT_PAYLOAD_BINDING",
            "binding": {
                "address": [
                    "title"
                ]
            }
        },
        "multiInstField": {
            "type": "EVENT_PAYLOAD_BINDING",
            "binding": {
                "address": [
                    "multiInstField"
                ]
            }
        },
        "external": {
            "type": "EVENT_PAYLOAD_BINDING",
            "binding": {
                "address": [
                    "external"
                ]
            }
        },
        "targetRoute": {
            "type": "JSON_LITERAL",
            "value": "current"
        }
    }
}</target_payload_mapping>
    </sys_ux_addon_event_mapping>
</record_update>
