<?xml version="1.0" encoding="UTF-8"?><record_update table="sys_db_object">
    <sys_db_object action="INSERT_OR_UPDATE">
        <access>public</access>
        <actions_access>false</actions_access>
        <alter_access>false</alter_access>
        <caller_access/>
        <client_scripts_access>false</client_scripts_access>
        <configuration_access>false</configuration_access>
        <create_access>false</create_access>
        <create_access_controls>true</create_access_controls>
        <delete_access>false</delete_access>
        <is_document_table>false</is_document_table>
        <is_extendable>false</is_extendable>
        <label>Example</label>
        <live_feed_enabled>false</live_feed_enabled>
        <name>x_snc_uib_examples_example</name>
        <number_ref/>
        <provider_class/>
        <read_access>true</read_access>
        <scriptable_table>false</scriptable_table>
        <super_class/>
        <sys_class_name>sys_db_object</sys_class_name>
        <sys_created_by>Marc.Mouries</sys_created_by>
        <sys_created_on>2022-12-18 14:27:17</sys_created_on>
        <sys_id>025036921bf35114b00dddf6b04bcbb8</sys_id>
        <sys_mod_count>0</sys_mod_count>
        <sys_name>Example</sys_name>
        <sys_package display_value="UIB Examples" source="x_snc_uib_examples">a0a606201b0f8510ce2b6579b04bcb65</sys_package>
        <sys_policy/>
        <sys_scope display_value="UIB Examples">a0a606201b0f8510ce2b6579b04bcb65</sys_scope>
        <sys_update_name>sys_db_object_025036921bf35114b00dddf6b04bcbb8</sys_update_name>
        <sys_updated_by>Marc.Mouries</sys_updated_by>
        <sys_updated_on>2022-12-18 14:27:17</sys_updated_on>
        <update_access>false</update_access>
        <user_role display_value="x_snc_uib_examples.example_user" name="x_snc_uib_examples.example_user">3d80f6921bf35114b00dddf6b04bcb39</user_role>
        <ws_access>true</ws_access>
    </sys_db_object>
</record_update>
