<?xml version="1.0" encoding="UTF-8"?><record_update table="sys_ux_macroponent">
    <sys_ux_macroponent action="INSERT_OR_UPDATE">
        <associated_types/>
        <category>page</category>
        <component_dependencies/>
        <composition>[ ]</composition>
        <da_relay_models/>
        <data>[ ]</data>
        <description/>
        <dispatched_events/>
        <ext_controller_dep/>
        <extends display_value="Page Template">19be392623033300f4b4c50947bf65ba</extends>
        <handled_events/>
        <interactions/>
        <interfaces/>
        <internal_event_mappings>{ }</internal_event_mappings>
        <layout/>
        <macroponent_dependencies/>
        <name>wikipedia</name>
        <output_prop_mapping/>
        <props>[ ]</props>
        <required_translations>[ ]</required_translations>
        <root_component/>
        <root_component_config/>
        <root_component_definition/>
        <schema_version>1.0.0</schema_version>
        <state_properties>[ ]</state_properties>
        <sys_class_name>sys_ux_macroponent</sys_class_name>
        <sys_created_by>Marc.Mouries</sys_created_by>
        <sys_created_on>2022-05-09 17:08:13</sys_created_on>
        <sys_id>01da36221bdf4510ce2b6579b04bcbcb</sys_id>
        <sys_mod_count>0</sys_mod_count>
        <sys_name>wikipedia</sys_name>
        <sys_package display_value="UIB Examples" source="x_snc_uib_examples">a0a606201b0f8510ce2b6579b04bcb65</sys_package>
        <sys_policy/>
        <sys_scope display_value="UIB Examples">a0a606201b0f8510ce2b6579b04bcb65</sys_scope>
        <sys_update_name>sys_ux_macroponent_01da36221bdf4510ce2b6579b04bcbcb</sys_update_name>
        <sys_updated_by>Marc.Mouries</sys_updated_by>
        <sys_updated_on>2022-05-09 17:08:13</sys_updated_on>
    </sys_ux_macroponent>
</record_update>
