<?xml version="1.0" encoding="UTF-8"?><record_update table="sys_ux_client_script">
    <sys_ux_client_script action="INSERT_OR_UPDATE">
        <controller_preset/>
        <includes/>
        <macroponent display_value="Repeater default">f00b620d1b8f0910ce2b6579b04bcb20</macroponent>
        <name>Add random vegetables</name>
        <preset/>
        <required_translations>[ ]</required_translations>
        <script><![CDATA[/**
* @param {params} params
* @param {api} params.api
* @param {any} params.event
* @param {any} params.imports
* @param {ApiHelpers} params.helpers
*/
function handler({api, event, helpers, imports}) {
    const all_vegetables = api.state.all_vegetables;
    const random = Math.floor(Math.random()*all_vegetables.length);
    const new_vegetable = all_vegetables[random];

    let newVegetables = [...api.state.vegetables, new_vegetable];
    console.log("newVegetables", newVegetables);
    api.setState("vegetables", newVegetables);

}]]></script>
        <script_api_version>2.0.0</script_api_version>
        <sys_class_name>sys_ux_client_script</sys_class_name>
        <sys_created_by>Marc.Mouries</sys_created_by>
        <sys_created_on>2022-04-22 15:01:03</sys_created_on>
        <sys_id>b8babac91bcf0910ce2b6579b04bcbd1</sys_id>
        <sys_mod_count>4</sys_mod_count>
        <sys_name>Add random vegetables</sys_name>
        <sys_package display_value="UIB Examples" source="x_snc_uib_examples">a0a606201b0f8510ce2b6579b04bcb65</sys_package>
        <sys_policy/>
        <sys_scope display_value="UIB Examples">a0a606201b0f8510ce2b6579b04bcb65</sys_scope>
        <sys_update_name>sys_ux_client_script_b8babac91bcf0910ce2b6579b04bcbd1</sys_update_name>
        <sys_updated_by>Marc.Mouries</sys_updated_by>
        <sys_updated_on>2022-04-22 15:41:51</sys_updated_on>
        <target>macroponent</target>
        <type>default</type>
    </sys_ux_client_script>
</record_update>
