<?xml version="1.0" encoding="UTF-8"?><record_update table="sys_ux_client_script">
    <sys_ux_client_script action="INSERT_OR_UPDATE">
        <includes/>
        <macroponent display_value="Record">0e49fa3f1bf1d510b00dddf6b04bcb36</macroponent>
        <name>Open CTI</name>
        <preset/>
        <required_translations>[ ]</required_translations>
        <script><![CDATA[/**
 * @param {params} params
 * @param {api} params.api
 * @param {any} params.event
 * @param {any} params.imports
 */
function handler({api, event, helpers, imports}) {
    let number = "",
        table = "",
        sysId = "",
        source = "";
    if (event.name == "SN_FORM_DATA_CONNECTED#OPEN_PHONE") {
        number = event.payload.number;
        table = event.payload.table;
        sysId = event.payload.sysid;
        source = "ribbon" + "~" +new Date().getTime();
    } else if (event.name == "RECORD#OPEN_CALL") {
        number = event.payload.params.number;
        table = event.payload.params.table;
        sysId = event.payload.params.sysId;
        source = event.payload.params.source + "~" + new Date().getTime();
    }
    api.emit('VIEWPORT_SELECTED', {
        id: 'cti',
        group: "bottom",
        viewportInfo: {
            route: 'cti',
            fields: {
                opened: true
            },
            params: {
                number,
                table,
                sysId,
                source
            },
            viewportElementId: 'wsOpenframeCTI'
        }
    });
}]]></script>
        <script_api_version>2.0.0</script_api_version>
        <sys_class_name>sys_ux_client_script</sys_class_name>
        <sys_created_by>Marc.Mouries</sys_created_by>
        <sys_created_on>2022-09-14 20:50:56</sys_created_on>
        <sys_id>e349327f1bf1d510b00dddf6b04bcb73</sys_id>
        <sys_mod_count>1</sys_mod_count>
        <sys_name>Open CTI</sys_name>
        <sys_package display_value="UIB Examples" source="x_snc_uib_examples">a0a606201b0f8510ce2b6579b04bcb65</sys_package>
        <sys_policy/>
        <sys_scope display_value="UIB Examples">a0a606201b0f8510ce2b6579b04bcb65</sys_scope>
        <sys_update_name>sys_ux_client_script_e349327f1bf1d510b00dddf6b04bcb73</sys_update_name>
        <sys_updated_by>Marc.Mouries</sys_updated_by>
        <sys_updated_on>2022-09-14 21:15:15</sys_updated_on>
        <target>macroponent</target>
        <type>default</type>
    </sys_ux_client_script>
</record_update>
