<?xml version="1.0" encoding="UTF-8"?><record_update table="sys_security_acl">
    <sys_security_acl action="INSERT_OR_UPDATE">
        <active>true</active>
        <admin_overrides>true</admin_overrides>
        <advanced>false</advanced>
        <condition/>
        <description/>
        <name>now.uib-examples.*</name>
        <operation display_value="read">read</operation>
        <script/>
        <sys_class_name>sys_security_acl</sys_class_name>
        <sys_created_by>Marc.Mouries</sys_created_by>
        <sys_created_on>2022-04-20 21:58:42</sys_created_on>
        <sys_id>03178e203b0f851056877ae16a0c728b</sys_id>
        <sys_mod_count>0</sys_mod_count>
        <sys_name>now.uib-examples.*</sys_name>
        <sys_package display_value="UIB Examples" source="x_snc_uib_examples">a0a606201b0f8510ce2b6579b04bcb65</sys_package>
        <sys_policy/>
        <sys_scope display_value="UIB Examples">a0a606201b0f8510ce2b6579b04bcb65</sys_scope>
        <sys_update_name>sys_security_acl_03178e203b0f851056877ae16a0c728b</sys_update_name>
        <sys_updated_by>Marc.Mouries</sys_updated_by>
        <sys_updated_on>2022-04-20 21:58:42</sys_updated_on>
        <type display_value="ux_route">b9eb8a1b873303002941b53046cb1234</type>
    </sys_security_acl>
</record_update>
