<?xml version="1.0" encoding="UTF-8"?><record_update table="sys_ux_list_menu_config">
    <sys_ux_list_menu_config action="INSERT_OR_UPDATE">
        <active>true</active>
        <description/>
        <name>UIB Examples_menu_config</name>
        <sys_class_name>sys_ux_list_menu_config</sys_class_name>
        <sys_created_by>Marc.Mouries</sys_created_by>
        <sys_created_on>2022-04-20 21:58:44</sys_created_on>
        <sys_id>6717ce201b0f8510ce2b6579b04bcb12</sys_id>
        <sys_mod_count>0</sys_mod_count>
        <sys_name>UIB Examples_menu_config</sys_name>
        <sys_package display_value="UIB Examples" source="x_snc_uib_examples">a0a606201b0f8510ce2b6579b04bcb65</sys_package>
        <sys_policy/>
        <sys_scope display_value="UIB Examples">a0a606201b0f8510ce2b6579b04bcb65</sys_scope>
        <sys_update_name>sys_ux_list_menu_config_6717ce201b0f8510ce2b6579b04bcb12</sys_update_name>
        <sys_updated_by>Marc.Mouries</sys_updated_by>
        <sys_updated_on>2022-04-20 21:58:44</sys_updated_on>
    </sys_ux_list_menu_config>
</record_update>
