<?xml version="1.0" encoding="UTF-8"?><record_update table="sys_ux_app_route">
    <sys_ux_app_route action="INSERT_OR_UPDATE">
        <app_config/>
        <description/>
        <extension_point/>
        <fields/>
        <icon>graduation-cap-outline</icon>
        <name>copy of record Agent assist</name>
        <optional_parameters/>
        <order>0</order>
        <parent_macroponent display_value="Record">0e49fa3f1bf1d510b00dddf6b04bcb36</parent_macroponent>
        <parent_macroponent_composition_element_id>contextual_sidebar</parent_macroponent_composition_element_id>
        <route_type>agentassisttab</route_type>
        <screen_type display_value="Agent assist tab">d15fd4970f0210107d20409dc4767e08</screen_type>
        <sys_class_name>sys_ux_app_route</sys_class_name>
        <sys_created_by>Marc.Mouries</sys_created_by>
        <sys_created_on>2022-09-14 20:50:58</sys_created_on>
        <sys_id>8059727f1bf1d510b00dddf6b04bcb5c</sys_id>
        <sys_mod_count>0</sys_mod_count>
        <sys_name>copy of record Agent assist</sys_name>
        <sys_package display_value="">88885e691b7a4110b00dddf6b04bcbec</sys_package>
        <sys_policy/>
        <sys_scope display_value="UIB Examples">a0a606201b0f8510ce2b6579b04bcb65</sys_scope>
        <sys_update_name>sys_ux_app_route_8059727f1bf1d510b00dddf6b04bcb5c</sys_update_name>
        <sys_updated_by>Marc.Mouries</sys_updated_by>
        <sys_updated_on>2022-09-14 20:50:58</sys_updated_on>
    </sys_ux_app_route>
    <sys_translated_text action="delete_multiple" query="documentkey=8059727f1bf1d510b00dddf6b04bcb5c"/>
</record_update>
