<?xml version="1.0" encoding="UTF-8"?><record_update table="sys_ux_app_route">
    <sys_ux_app_route action="INSERT_OR_UPDATE">
        <app_config display_value="CMDB Workspace App Config">6825d0ae8f312010960c53ac37bdee72</app_config>
        <description/>
        <extension_point/>
        <fields/>
        <icon>document-outline</icon>
        <name>copy of record Template</name>
        <optional_parameters/>
        <order>400</order>
        <parent_macroponent display_value="Record">0e49fa3f1bf1d510b00dddf6b04bcb36</parent_macroponent>
        <parent_macroponent_composition_element_id>contextual_sidebar</parent_macroponent_composition_element_id>
        <route_type>cmdb-template</route_type>
        <screen_type display_value="Template">93a64a7c53b030100764ddeeff7b12eb</screen_type>
        <sys_class_name>sys_ux_app_route</sys_class_name>
        <sys_created_by>Marc.Mouries</sys_created_by>
        <sys_created_on>2022-09-14 20:50:58</sys_created_on>
        <sys_id>0459727f1bf1d510b00dddf6b04bcb5e</sys_id>
        <sys_mod_count>0</sys_mod_count>
        <sys_name>copy of record Template</sys_name>
        <sys_package display_value="CMDB Workspace" source="sn_cmdb_ws">c8ab76825371201032b7ddeeff7b1280</sys_package>
        <sys_policy/>
        <sys_scope display_value="UIB Examples">a0a606201b0f8510ce2b6579b04bcb65</sys_scope>
        <sys_update_name>sys_ux_app_route_0459727f1bf1d510b00dddf6b04bcb5e</sys_update_name>
        <sys_updated_by>Marc.Mouries</sys_updated_by>
        <sys_updated_on>2022-09-14 20:50:58</sys_updated_on>
    </sys_ux_app_route>
    <sys_translated_text action="delete_multiple" query="documentkey=0459727f1bf1d510b00dddf6b04bcb5e"/>
</record_update>
