<?xml version="1.0" encoding="UTF-8"?><record_update>
    <sys_documentation element="sys_id" label="ID do Sistema" language="pt" table="sn_ex_sp_m2m_action_group">
        <sys_documentation action="INSERT_OR_UPDATE">
            <element>sys_id</element>
            <help/>
            <hint/>
            <label>ID do Sistema</label>
            <language>pt</language>
            <name>sn_ex_sp_m2m_action_group</name>
            <plural>ID do Sistema</plural>
            <sys_class_name>sys_documentation</sys_class_name>
            <sys_created_by>Marc.Mouries</sys_created_by>
            <sys_created_on>2022-05-31 15:32:08</sys_created_on>
            <sys_mod_count>2</sys_mod_count>
            <sys_name>ID do Sistema</sys_name>
            <sys_package display_value="Employee Center" source="sn_ex_sp">4249e63a28d54d61bb6fbf61fd86cccb</sys_package>
            <sys_policy/>
            <sys_scope display_value="UIB Examples">a0a606201b0f8510ce2b6579b04bcb65</sys_scope>
            <sys_update_name>sys_documentation_sn_ex_sp_m2m_action_group_sys_id_pt</sys_update_name>
            <sys_updated_by>Marc.Mouries</sys_updated_by>
            <sys_updated_on>2022-12-22 15:46:12</sys_updated_on>
            <url/>
            <url_target/>
        </sys_documentation>
    </sys_documentation>
</record_update>
