<?xml version="1.0" encoding="UTF-8"?><record_update table="sys_ux_client_script">
    <sys_ux_client_script action="INSERT_OR_UPDATE">
        <controller_preset/>
        <includes/>
        <macroponent display_value="Default">76d0cc61472df1105d6c8fd4f16d43e8</macroponent>
        <name>Check Dropdown value</name>
        <preset/>
        <required_translations>[
    
]</required_translations>
        <script><![CDATA[/**
* @param {params} params
* @param {api} params.api
* @param {any} params.event
* @param {any} params.imports
* @param {ApiHelpers} params.helpers
*/
function handler({api, event, helpers, imports}) {
console.log("Check Dropdown value");
console.log(JSON.stringify(event, null, 4));
}]]></script>
        <script_api_version>2.0.0</script_api_version>
        <sys_class_name>sys_ux_client_script</sys_class_name>
        <sys_created_by>Marc.Mouries</sys_created_by>
        <sys_created_on>2023-09-28 11:34:43</sys_created_on>
        <sys_id>32aba0b9476971105d6c8fd4f16d436a</sys_id>
        <sys_mod_count>1</sys_mod_count>
        <sys_name>Check Dropdown value</sys_name>
        <sys_package display_value="UIB Examples" source="x_snc_uib_examples">a0a606201b0f8510ce2b6579b04bcb65</sys_package>
        <sys_policy/>
        <sys_scope display_value="UIB Examples">a0a606201b0f8510ce2b6579b04bcb65</sys_scope>
        <sys_update_name>sys_ux_client_script_32aba0b9476971105d6c8fd4f16d436a</sys_update_name>
        <sys_updated_by>Marc.Mouries</sys_updated_by>
        <sys_updated_on>2023-09-28 11:34:43</sys_updated_on>
        <target>macroponent</target>
        <type>default</type>
    </sys_ux_client_script>
</record_update>
