<?xml version="1.0" encoding="UTF-8"?><record_update table="sys_ux_data_broker_transform">
    <sys_ux_data_broker_transform action="INSERT_OR_UPDATE">
        <acl_failure_result/>
        <api_name>x_snc_uib_examples.getKbVersions</api_name>
        <description>Returns all the versions of a Knowledge Base (KB) article</description>
        <mutates_server_data>false</mutates_server_data>
        <name>getKbVersions</name>
        <output_schema/>
        <private>false</private>
        <props>[&#13;
    {&#13;
        "name": "KB_Number",&#13;
        "label": "KB Number",&#13;
        "description": "Number of the Knowledge Base (KB) article",&#13;
        "readOnly": false,&#13;
        "fieldType": "string",&#13;
        "mandatory": true,&#13;
        "defaultValue": ""&#13;
    }&#13;
]&#13;
</props>
        <required_translations>[ {
  "message" : "KB Number",
  "comment" : ""
}, {
  "message" : "Number of the Knowledge Base (KB) article",
  "comment" : ""
} ]</required_translations>
        <schema_version>1.0.0</schema_version>
        <script><![CDATA[function transform(input) {

    var kb_number = input.KB_Number;

    var kb_record = new GlideRecord('kb_knowledge');
    kb_record.addQuery('number', kb_number);
    kb_record.orderBy('sys_created_on');
    kb_record.query();

    var versions = [];

    while (kb_record.next()) {
        var version = kb_record.version.version + "";
        versions.push({
            id: version,
            label: "Version " + version
        });
    }

    gs.info("@UIB: getKbVersions \n" +
        "Input: " + JSON.stringify(input, null, 4) + "\n\n" +
        "Results: " + JSON.stringify(versions, null, 4));
    return versions;
}]]></script>
        <sys_class_name>sys_ux_data_broker_transform</sys_class_name>
        <sys_created_by>Marc.Mouries</sys_created_by>
        <sys_created_on>2023-09-27 21:06:51</sys_created_on>
        <sys_id>b70369ad47e175105d6c8fd4f16d432a</sys_id>
        <sys_mod_count>2</sys_mod_count>
        <sys_name>getKbVersions</sys_name>
        <sys_package display_value="UIB Examples" source="x_snc_uib_examples">a0a606201b0f8510ce2b6579b04bcb65</sys_package>
        <sys_policy/>
        <sys_scope display_value="UIB Examples">a0a606201b0f8510ce2b6579b04bcb65</sys_scope>
        <sys_update_name>sys_ux_data_broker_transform_b70369ad47e175105d6c8fd4f16d432a</sys_update_name>
        <sys_updated_by>Marc.Mouries</sys_updated_by>
        <sys_updated_on>2023-09-28 11:30:31</sys_updated_on>
    </sys_ux_data_broker_transform>
    <sys_translated_text action="delete_multiple" query="documentkey=b70369ad47e175105d6c8fd4f16d432a"/>
</record_update>
