<?xml version="1.0" encoding="UTF-8"?><record_update table="sys_ux_client_script">
    <sys_ux_client_script action="INSERT_OR_UPDATE">
        <includes/>
        <macroponent display_value="Record">0e49fa3f1bf1d510b00dddf6b04bcb36</macroponent>
        <name>logInteractionActivities</name>
        <preset/>
        <required_translations>[ ]</required_translations>
        <script><![CDATA[function script({
    api,
    event
}) {
    if (event.payload.name !== "activityLogs")
        return;
    const logMap = api.context.props.activityLogs;
    if (logMap.size === 0)
        return;
    // Since payload contains all the activity logs across the tabs,
    // look for the last operation based on the timestamp
    let primaryId, subTable, subId, operation;
    let lastTimestamp = -1;
    for (let log of logMap.values()) {
        const activities = log.activities.entries().next().value[1];
        if (!activities.length)
            continue;
        const context = log.context;
        if (context.table !== "interaction")
            continue;
        // Activity array is sorted by timestamp
        // only needs to compare the last element
        const lastActivity = activities[activities.length - 1];
        const timestamp = parseInt(lastActivity.timestamp, 10);
        if (timestamp > lastTimestamp) {
            lastTimestamp = timestamp;
            primaryId = context.sysId;
            subTable = lastActivity.table;
            subId = lastActivity.sysId;
            operation = lastActivity.operation;
        }
    }
    if (lastTimestamp === -1 || subId === "-1" || subTable === "interaction" || subTable === "interaction_related_record")
        return;
    if (operation !== "opened" && operation !== "inserted" && operation !== "updated")
        return;
    const operationMap = { "inserted": "Created", "opened": "Viewed", "updated": "Updated" };
    const oprString = operationMap[operation] || "";
    const templateFields = `document_table=${subTable}^document_id=${subId}^interaction=${primaryId}^operation=${oprString}`;
    api.data.create_record.execute({
        "table": "interaction_related_record",
        "templateFields": templateFields,
        "useSetDisplayValue": ""
    });
}]]></script>
        <script_api_version>2.0.0</script_api_version>
        <sys_class_name>sys_ux_client_script</sys_class_name>
        <sys_created_by>Marc.Mouries</sys_created_by>
        <sys_created_on>2022-09-14 20:50:51</sys_created_on>
        <sys_id>9a49fe3f1bf1d510b00dddf6b04bcb53</sys_id>
        <sys_mod_count>1</sys_mod_count>
        <sys_name>logInteractionActivities</sys_name>
        <sys_package display_value="UIB Examples" source="x_snc_uib_examples">a0a606201b0f8510ce2b6579b04bcb65</sys_package>
        <sys_policy/>
        <sys_scope display_value="UIB Examples">a0a606201b0f8510ce2b6579b04bcb65</sys_scope>
        <sys_update_name>sys_ux_client_script_9a49fe3f1bf1d510b00dddf6b04bcb53</sys_update_name>
        <sys_updated_by>Marc.Mouries</sys_updated_by>
        <sys_updated_on>2022-09-14 21:15:12</sys_updated_on>
        <target>macroponent</target>
        <type>default</type>
    </sys_ux_client_script>
</record_update>
