<?xml version="1.0" encoding="UTF-8"?><record_update table="sys_ux_macroponent">
    <sys_ux_macroponent action="INSERT_OR_UPDATE">
        <associated_types/>
        <category>page</category>
        <component_dependencies/>
        <composition>[ {
  "elementId" : "form_1",
  "elementLabel" : "Form 1",
  "propertyValues" : {
    "sections" : {
      "type" : "DATA_OUTPUT_BINDING",
      "binding" : {
        "address" : [ "glide_form_1", "nowRecordFormBlob", "sections" ]
      }
    },
    "fields" : {
      "type" : "DATA_OUTPUT_BINDING",
      "binding" : {
        "address" : [ "glide_form_1", "nowRecordFormBlob", "fields" ]
      }
    },
    "table" : {
      "type" : "JSON_LITERAL",
      "value" : "sys_user"
    },
    "relatedLists" : {
      "type" : "JSON_LITERAL",
      "value" : ""
    },
    "sysId" : {
      "type" : "DATA_OUTPUT_BINDING",
      "binding" : {
        "address" : [ "glide_form_1", "nowRecordFormBlob", "sysId" ]
      }
    },
    "view" : {
      "type" : "JSON_LITERAL",
      "value" : ""
    },
    "forcedViewName" : {
      "type" : "JSON_LITERAL",
      "value" : ""
    },
    "isContextMenuHidden" : {
      "type" : "JSON_LITERAL",
      "value" : false
    },
    "isSectionMenuHidden" : {
      "type" : "JSON_LITERAL",
      "value" : false
    },
    "isFormOptionsHidden" : {
      "type" : "JSON_LITERAL",
      "value" : false
    },
    "isRemovePaddingLeft" : {
      "type" : "JSON_LITERAL",
      "value" : false
    },
    "isSectionTitleHidden" : {
      "type" : "JSON_LITERAL",
      "value" : false
    },
    "disableCollapse" : {
      "type" : "JSON_LITERAL",
      "value" : false
    },
    "config" : {
      "type" : "JSON_LITERAL",
      "value" : null
    },
    "serializedChanges" : {
      "type" : "JSON_LITERAL",
      "value" : [ ]
    },
    "encodedRecord" : {
      "type" : "JSON_LITERAL",
      "value" : null
    },
    "isNewRecord" : {
      "type" : "JSON_LITERAL",
      "value" : false
    },
    "scrollableHost" : {
      "type" : "JSON_LITERAL",
      "value" : null
    },
    "inUiBuilder" : {
      "type" : "JSON_LITERAL",
      "value" : true
    },
    "inRecordPageTab" : {
      "type" : "JSON_LITERAL",
      "value" : false
    },
    "userSession" : {
      "type" : "CONTEXT_BINDING",
      "binding" : {
        "address" : [ "user" ],
        "category" : "session"
      }
    },
    "formMessages" : {
      "type" : "JSON_LITERAL",
      "value" : [ ]
    }
  },
  "eventMappings" : [ ],
  "slot" : null,
  "definition" : {
    "id" : "cdf8d604a3fda59e69ccd6dd407263d6",
    "type" : "MACROPONENT"
  },
  "overrides" : null,
  "isHidden" : {
    "type" : "JSON_LITERAL",
    "value" : null
  },
  "isHero" : false,
  "isNonDestructive" : false,
  "styles" : { }
} ]</composition>
        <da_relay_models/>
        <data>[ {
  "definition" : {
    "id" : "503414d51b738110ce2b6579b04bcbce",
    "type" : "REST"
  },
  "elementId" : "get_user_details_1",
  "elementLabel" : "Get User Details 1",
  "eventMappings" : [ ],
  "inputValues" : {
    "sys_id" : {
      "type" : "CONTEXT_BINDING",
      "binding" : {
        "address" : [ "user", "sys_id" ],
        "category" : "session"
      }
    }
  },
  "readEvaluationMode" : "EAGER"
}, {
  "definition" : {
    "id" : "9664d48053461010cbc2ddeeff7b128e",
    "type" : "COMPOSITE"
  },
  "elementId" : "look_up_record_1",
  "elementLabel" : "Look Up Record 1",
  "eventMappings" : [ ],
  "inputValues" : {
    "table" : {
      "type" : "JSON_LITERAL",
      "value" : "sys_user"
    },
    "recordId" : {
      "type" : "JSON_LITERAL",
      "value" : "02826bf03710200044e0bfc8bcbe5d3f"
    },
    "returnFields" : {
      "type" : "JSON_LITERAL",
      "value" : "email"
    },
    "returnTableMetadata" : {
      "type" : "JSON_LITERAL",
      "value" : true
    },
    "returnFieldMetadata" : {
      "type" : "JSON_LITERAL",
      "value" : true
    }
  },
  "readEvaluationMode" : "EAGER"
}, {
  "definition" : {
    "id" : "dc6e87a5232200100e4bc50947bf654b",
    "type" : "CLIENT_STATE"
  },
  "elementId" : "glide_form_1",
  "elementLabel" : "Glide Form 1",
  "eventMappings" : [ ],
  "inputValues" : {
    "table" : {
      "type" : "JSON_LITERAL",
      "value" : "sys_user"
    },
    "sysId" : {
      "type" : "JSON_LITERAL",
      "value" : "62826bf03710200044e0bfc8bcbe5df1"
    },
    "actionConfigId" : {
      "type" : "JSON_LITERAL",
      "value" : ""
    },
    "headerConfigId" : {
      "type" : "JSON_LITERAL",
      "value" : ""
    },
    "ribbonConfigId" : {
      "type" : "JSON_LITERAL",
      "value" : ""
    },
    "viewRuleConfigId" : {
      "type" : "JSON_LITERAL",
      "value" : ""
    },
    "highlightedValueConfigId" : {
      "type" : "JSON_LITERAL",
      "value" : ""
    },
    "view" : {
      "type" : "JSON_LITERAL",
      "value" : "ITIL"
    },
    "forcedViewName" : {
      "type" : "JSON_LITERAL",
      "value" : ""
    },
    "query" : {
      "type" : "JSON_LITERAL",
      "value" : ""
    },
    "showActivityStreamInDetails" : {
      "type" : "JSON_LITERAL",
      "value" : false
    },
    "detailsContext" : {
      "type" : "CONTEXT_BINDING",
      "binding" : {
        "address" : [ "activityLogs" ],
        "category" : "props"
      }
    }
  },
  "readEvaluationMode" : "EAGER"
} ]</data>
        <description/>
        <dispatched_events/>
        <ext_controller_dep/>
        <extends display_value="Page Template">19be392623033300f4b4c50947bf65ba</extends>
        <handled_events/>
        <interactions/>
        <interfaces/>
        <internal_event_mappings>{ }</internal_event_mappings>
        <layout>{
  "default" : {
    "children" : null,
    "isInline" : null,
    "items" : [{"element_id":"form_1","styles":{}}],
    "root" : null,
    "rules" : null,
    "styles" : {"flex-direction":"column"},
    "templateId" : "5832fd4d53c31010e6bcddeeff7b12db",
    "type" : "flex"
  },
  "version" : "3.0.0"
}</layout>
        <macroponent_dependencies/>
        <name>REST API User</name>
        <output_prop_mapping/>
        <props>[ ]</props>
        <required_translations>[ ]</required_translations>
        <root_component/>
        <root_component_config>{ }</root_component_config>
        <root_component_definition/>
        <schema_version>1.0.0</schema_version>
        <state_properties>[ ]</state_properties>
        <sys_class_name>sys_ux_macroponent</sys_class_name>
        <sys_created_by>Marc.Mouries</sys_created_by>
        <sys_created_on>2022-05-30 04:17:28</sys_created_on>
        <sys_id>2fc3d0151b738110ce2b6579b04bcbcc</sys_id>
        <sys_mod_count>17</sys_mod_count>
        <sys_name>REST API User</sys_name>
        <sys_package display_value="UIB Examples" source="x_snc_uib_examples">a0a606201b0f8510ce2b6579b04bcb65</sys_package>
        <sys_policy/>
        <sys_scope display_value="UIB Examples">a0a606201b0f8510ce2b6579b04bcb65</sys_scope>
        <sys_update_name>sys_ux_macroponent_2fc3d0151b738110ce2b6579b04bcbcc</sys_update_name>
        <sys_updated_by>Marc.Mouries</sys_updated_by>
        <sys_updated_on>2022-05-31 15:57:34</sys_updated_on>
    </sys_ux_macroponent>
</record_update>
