<?xml version="1.0" encoding="UTF-8"?><record_update table="sys_ux_macroponent">
    <sys_ux_macroponent action="INSERT_OR_UPDATE">
        <associated_types/>
        <category>page</category>
        <component_dependencies/>
        <composition>[ {
  "elementId" : "stylized_text_1",
  "elementLabel" : "Stylized text 1",
  "propertyValues" : {
    "text" : {
      "type" : "TRANSLATION_LITERAL",
      "value" : {
        "code" : null,
        "message" : "A Classic Catalog Item View in UIB",
        "comment" : ""
      }
    },
    "tag" : {
      "type" : "JSON_LITERAL",
      "value" : "h1"
    },
    "css" : {
      "type" : "JSON_LITERAL",
      "value" : "* { }"
    }
  },
  "eventMappings" : [ ],
  "slot" : null,
  "definition" : {
    "id" : "4335ba6dca80378f7ba7a67cd6667bec",
    "type" : "MACROPONENT"
  },
  "overrides" : null,
  "isHidden" : {
    "type" : "JSON_LITERAL",
    "value" : null
  },
  "isHero" : false,
  "isNonDestructive" : false,
  "styles" : { }
}, {
  "elementId" : "iframe_1",
  "elementLabel" : "iFrame 1",
  "propertyValues" : {
    "title" : {
      "type" : "JSON_LITERAL",
      "value" : "Wikipedia home page"
    },
    "src" : {
      "type" : "JSON_LITERAL",
      "value" : "/com.glideapp.servicecatalog_cat_item_view.do?sysparm_id=ebbb2414c3013010b83971e54440dd57"
    },
    "width" : {
      "type" : "JSON_LITERAL",
      "value" : "100%"
    },
    "height" : {
      "type" : "JSON_LITERAL",
      "value" : "900"
    },
    "disableSandbox" : {
      "type" : "JSON_LITERAL",
      "value" : false
    }
  },
  "eventMappings" : [ ],
  "slot" : null,
  "definition" : {
    "id" : "2eda8d95aae6d05a26d94fbf692ac6f9",
    "type" : "MACROPONENT"
  },
  "overrides" : null,
  "isHidden" : {
    "type" : "JSON_LITERAL",
    "value" : null
  },
  "isHero" : false,
  "isNonDestructive" : false,
  "styles" : { }
}, {
  "elementId" : "catalog_item_1",
  "elementLabel" : "Catalog Item 1",
  "propertyValues" : {
    "sysId" : {
      "type" : "JSON_LITERAL",
      "value" : "ebbb2414c3013010b83971e54440dd57"
    },
    "requestedForId" : {
      "type" : "JSON_LITERAL",
      "value" : null
    },
    "showRequestForHeader" : {
      "type" : "JSON_LITERAL",
      "value" : true
    },
    "submitPosition" : {
      "type" : "JSON_LITERAL",
      "value" : "right"
    },
    "label" : {
      "type" : "TRANSLATION_LITERAL",
      "value" : {
        "code" : null,
        "message" : "",
        "comment" : ""
      }
    },
    "bare" : {
      "type" : "JSON_LITERAL",
      "value" : false
    },
    "scrollable" : {
      "type" : "JSON_LITERAL",
      "value" : "y"
    },
    "headerLevel" : {
      "type" : "JSON_LITERAL",
      "value" : "1"
    },
    "headingOnlyVisibleToScreenReaders" : {
      "type" : "JSON_LITERAL",
      "value" : false
    },
    "interceptNotifications" : {
      "type" : "JSON_LITERAL",
      "value" : false
    },
    "propagateNotifications" : {
      "type" : "JSON_LITERAL",
      "value" : false
    }
  },
  "eventMappings" : [ ],
  "slot" : null,
  "definition" : {
    "id" : "afeef20635001010f877265d86f080df",
    "type" : "MACROPONENT"
  },
  "overrides" : null,
  "isHidden" : {
    "type" : "JSON_LITERAL",
    "value" : null
  },
  "isHero" : false,
  "isNonDestructive" : false,
  "styles" : { }
} ]</composition>
        <da_relay_models/>
        <data>[ ]</data>
        <description/>
        <dispatched_events/>
        <ext_controller_dep/>
        <extends display_value="Page Template">19be392623033300f4b4c50947bf65ba</extends>
        <handled_events/>
        <interactions/>
        <interfaces/>
        <internal_event_mappings>{ }</internal_event_mappings>
        <layout>{
  "default" : {
    "children" : null,
    "isInline" : null,
    "items" : [{"element_id":"stylized_text_1","styles":{}},{"element_id":"iframe_1","styles":{}},{"element_id":"catalog_item_1","styles":{}}],
    "root" : null,
    "rules" : null,
    "styles" : {"flex-direction":"column"},
    "templateId" : "5832fd4d53c31010e6bcddeeff7b12db",
    "type" : "flex"
  },
  "version" : "3.0.0"
}</layout>
        <macroponent_dependencies/>
        <name>cat item</name>
        <output_prop_mapping/>
        <props>[ ]</props>
        <required_translations>[ {
  "message" : "A Classic Catalog Item View in UIB",
  "comment" : ""
} ]</required_translations>
        <root_component/>
        <root_component_config>{ }</root_component_config>
        <root_component_definition/>
        <schema_version>1.0.0</schema_version>
        <state_properties>[ ]</state_properties>
        <sys_class_name>sys_ux_macroponent</sys_class_name>
        <sys_created_by>Marc.Mouries</sys_created_by>
        <sys_created_on>2022-05-07 15:47:14</sys_created_on>
        <sys_id>9f15d04e1b53c110ce2b6579b04bcbcd</sys_id>
        <sys_mod_count>4</sys_mod_count>
        <sys_name>cat item</sys_name>
        <sys_package display_value="UIB Examples" source="x_snc_uib_examples">a0a606201b0f8510ce2b6579b04bcb65</sys_package>
        <sys_policy/>
        <sys_scope display_value="UIB Examples">a0a606201b0f8510ce2b6579b04bcb65</sys_scope>
        <sys_update_name>sys_ux_macroponent_9f15d04e1b53c110ce2b6579b04bcbcd</sys_update_name>
        <sys_updated_by>Marc.Mouries</sys_updated_by>
        <sys_updated_on>2022-06-24 02:03:57</sys_updated_on>
    </sys_ux_macroponent>
</record_update>
