<?xml version="1.0" encoding="UTF-8"?><record_update table="sys_ux_client_script">
    <sys_ux_client_script action="INSERT_OR_UPDATE">
        <includes>58d17acf0b531010a8b1c96237673a68</includes>
        <macroponent display_value="Record">f9e9f2bf1bf1d510b00dddf6b04bcbae</macroponent>
        <name>previewRecordRouteMapping</name>
        <preset/>
        <required_translations/>
        <script><![CDATA[function handler({
    api,
    helpers,
    event,
    imports
}) {
    // Bypass dynamic routing for non "record" pages
    if (event.payload.route && event.payload.route !== 'record') {
        api.emit('NAV_ITEM_SELECTED', event.payload);
        return;
    }

    const {
        routeMapping,
        buildDefaultRoutePayload
    } = imports["global.recordRoutesMapping"]();

    var route = 'record';
    var targetRoute = 'current';
    const domainId = api.state.domainId;
    const defaultRoutePayload = buildDefaultRoutePayload(route, targetRoute, event, domainId);
    
    const routeMap = api.data.dynamic_routing_record.routeMap;
    const payload = routeMapping(routeMap, defaultRoutePayload, event, domainId);

    const {
        emit
    } = api;
    emit('NAV_ITEM_SELECTED', payload);
}]]></script>
        <script_api_version>2.0.0</script_api_version>
        <sys_class_name>sys_ux_client_script</sys_class_name>
        <sys_created_by>Marc.Mouries</sys_created_by>
        <sys_created_on>2022-09-14 20:53:34</sys_created_on>
        <sys_id>86e9f2bf1bf1d510b00dddf6b04bcbdb</sys_id>
        <sys_mod_count>0</sys_mod_count>
        <sys_name>previewRecordRouteMapping</sys_name>
        <sys_package display_value="UIB Examples" source="x_snc_uib_examples">a0a606201b0f8510ce2b6579b04bcb65</sys_package>
        <sys_policy/>
        <sys_scope display_value="UIB Examples">a0a606201b0f8510ce2b6579b04bcb65</sys_scope>
        <sys_update_name>sys_ux_client_script_86e9f2bf1bf1d510b00dddf6b04bcbdb</sys_update_name>
        <sys_updated_by>Marc.Mouries</sys_updated_by>
        <sys_updated_on>2022-09-14 20:53:34</sys_updated_on>
        <target>macroponent</target>
        <type>default</type>
    </sys_ux_client_script>
</record_update>
