<?xml version="1.0" encoding="UTF-8"?><record_update sys_domain="global" table="sys_ux_addon_event_mapping">
    <sys_ux_addon_event_mapping action="INSERT_OR_UPDATE">
        <active>true</active>
        <controller/>
        <description/>
        <name>copy of record Taxonomy Topic Selection Modal</name>
        <parent_macroponent display_value="Record">0e49fa3f1bf1d510b00dddf6b04bcb36</parent_macroponent>
        <source_component/>
        <source_da display_value="Open taxonomy topic modal">0cd8b05fc7622010fedf0bcbe2c260ab</source_da>
        <source_element_id>record_page_tabs_1</source_element_id>
        <sys_class_name>sys_ux_addon_event_mapping</sys_class_name>
        <sys_created_by>Marc.Mouries</sys_created_by>
        <sys_created_on>2022-09-14 20:50:58</sys_created_on>
        <sys_domain>global</sys_domain>
        <sys_domain_path>/</sys_domain_path>
        <sys_id>4859727f1bf1d510b00dddf6b04bcb2c</sys_id>
        <sys_mod_count>0</sys_mod_count>
        <sys_name>copy of record Taxonomy Topic Selection Modal</sys_name>
        <sys_overrides/>
        <sys_package display_value="Content Taxonomy" source="com.snc.taxonomy">90ec69261b123010b93654a2604bcb0e</sys_package>
        <sys_policy/>
        <sys_scope display_value="UIB Examples">a0a606201b0f8510ce2b6579b04bcb65</sys_scope>
        <sys_update_name>sys_ux_addon_event_mapping_4859727f1bf1d510b00dddf6b04bcb2c</sys_update_name>
        <sys_updated_by>Marc.Mouries</sys_updated_by>
        <sys_updated_on>2022-09-14 20:50:58</sys_updated_on>
        <target_event display_value="[Record Page] Open modal">509663140f0310107d20409dc4767e00</target_event>
        <target_payload_mapping>{&#13;
&#13;
  "type": "MAP_CONTAINER",&#13;
&#13;
  "container": {&#13;
&#13;
    "route": {&#13;
&#13;
      "type": "EVENT_PAYLOAD_BINDING",&#13;
&#13;
      "binding": {&#13;
&#13;
        "address": [&#13;
&#13;
          "route"&#13;
&#13;
        ]&#13;
&#13;
      }&#13;
&#13;
    },&#13;
&#13;
    "fields": {&#13;
&#13;
      "type": "EVENT_PAYLOAD_BINDING",&#13;
&#13;
      "binding": {&#13;
&#13;
        "address": [&#13;
&#13;
          "fields"&#13;
&#13;
        ]&#13;
&#13;
      }&#13;
&#13;
    },&#13;
&#13;
    "params": {&#13;
&#13;
      "type": "EVENT_PAYLOAD_BINDING",&#13;
&#13;
      "binding": {&#13;
&#13;
        "address": [&#13;
&#13;
          "params"&#13;
&#13;
        ]&#13;
&#13;
      }&#13;
&#13;
    },&#13;
&#13;
    "redirect": {&#13;
&#13;
      "type": "EVENT_PAYLOAD_BINDING",&#13;
&#13;
      "binding": {&#13;
&#13;
        "address": [&#13;
&#13;
          "redirect"&#13;
&#13;
        ]&#13;
&#13;
      }&#13;
&#13;
    },&#13;
&#13;
    "passiveNavigation": {&#13;
&#13;
      "type": "EVENT_PAYLOAD_BINDING",&#13;
&#13;
      "binding": {&#13;
&#13;
        "address": [&#13;
&#13;
          "passiveNavigation"&#13;
&#13;
        ]&#13;
&#13;
      }&#13;
&#13;
    },&#13;
&#13;
    "title": {&#13;
&#13;
      "type": "EVENT_PAYLOAD_BINDING",&#13;
&#13;
      "binding": {&#13;
&#13;
        "address": [&#13;
&#13;
          "title"&#13;
&#13;
        ]&#13;
&#13;
      }&#13;
&#13;
    },&#13;
&#13;
    "multiInstField": {&#13;
&#13;
      "type": "EVENT_PAYLOAD_BINDING",&#13;
&#13;
      "binding": {&#13;
&#13;
        "address": [&#13;
&#13;
          "multiInstField"&#13;
&#13;
        ]&#13;
&#13;
      }&#13;
&#13;
    },&#13;
&#13;
    "external": {&#13;
&#13;
      "type": "EVENT_PAYLOAD_BINDING",&#13;
&#13;
      "binding": {&#13;
&#13;
        "address": [&#13;
&#13;
          "external"&#13;
&#13;
        ]&#13;
&#13;
      }&#13;
&#13;
    }&#13;
&#13;
  }&#13;
&#13;
}&#13;
&#13;
</target_payload_mapping>
    </sys_ux_addon_event_mapping>
</record_update>
