<?xml version="1.0" encoding="UTF-8"?><record_update table="sys_ux_data_broker_transform">
    <sys_ux_data_broker_transform action="INSERT_OR_UPDATE">
        <acl_failure_result/>
        <api_name>x_snc_uib_examples.getSystemProperty</api_name>
        <description>Returns the system property</description>
        <mutates_server_data>false</mutates_server_data>
        <name>getSystemProperty</name>
        <output_schema/>
        <private>false</private>
        <props>[&#13;
{&#13;
"name":"propertyName",&#13;
"label":"Property Name",&#13;
"description":"Name of the system property",&#13;
"readOnly":"false",&#13;
"fieldType":"string",&#13;
"mandatory":true,&#13;
"defaultValue":""&#13;
}&#13;
]</props>
        <required_translations>[ {
  "message" : "Name of the system property",
  "comment" : ""
}, {
  "message" : "Property Name",
  "comment" : ""
} ]</required_translations>
        <schema_version>1.0.0</schema_version>
        <script><![CDATA[function transform(input) {
    if (!input.propertyName) return {
        "error": "missing property name"
    };
    var rec = new GlideRecord('sys_properties');
    rec.addQuery('name', input.propertyName);
    rec.query();
    if (rec.next()) {
        return {
            value: "" + rec.value,
            sysId: rec.getUniqueValue()
        };
    } else {
        return {
            "error": "property not found."
        };
    }
}]]></script>
        <sys_class_name>sys_ux_data_broker_transform</sys_class_name>
        <sys_created_by>Marc.Mouries</sys_created_by>
        <sys_created_on>2022-05-27 00:34:01</sys_created_on>
        <sys_id>05ef73c81b33c910b00dddf6b04bcb99</sys_id>
        <sys_mod_count>8</sys_mod_count>
        <sys_name>getSystemProperty</sys_name>
        <sys_package display_value="UIB Examples" source="x_snc_uib_examples">a0a606201b0f8510ce2b6579b04bcb65</sys_package>
        <sys_policy/>
        <sys_scope display_value="UIB Examples">a0a606201b0f8510ce2b6579b04bcb65</sys_scope>
        <sys_update_name>sys_ux_data_broker_transform_05ef73c81b33c910b00dddf6b04bcb99</sys_update_name>
        <sys_updated_by>Marc.Mouries</sys_updated_by>
        <sys_updated_on>2022-05-28 16:38:09</sys_updated_on>
    </sys_ux_data_broker_transform>
    <sys_translated_text action="delete_multiple" query="documentkey=05ef73c81b33c910b00dddf6b04bcb99"/>
</record_update>
