<?xml version="1.0" encoding="UTF-8"?><record_update table="sys_ux_client_script">
    <sys_ux_client_script action="INSERT_OR_UPDATE">
        <includes/>
        <macroponent display_value="visibility">8147fbaa1b7f0910ce2b6579b04bcb61</macroponent>
        <name>container_1___isHidden__</name>
        <preset/>
        <required_translations>[ ]</required_translations>
        <script><![CDATA[/**
  * @param {params} params
  * @param {api} params.api
  * @param {TransformApiHelpers} params.helpers
  */
function evaluateProperty({api, helpers}) {
  let user_roles = api.context.session.user.roles;
	return user_roles.includes("app_service_user");
}]]></script>
        <script_api_version>2.0.0</script_api_version>
        <sys_class_name>sys_ux_client_script</sys_class_name>
        <sys_created_by>Marc.Mouries</sys_created_by>
        <sys_created_on>2022-06-03 18:11:25</sys_created_on>
        <sys_id>be09bfea1b7f0910ce2b6579b04bcb89</sys_id>
        <sys_mod_count>4</sys_mod_count>
        <sys_name>container_1___isHidden__</sys_name>
        <sys_package display_value="UIB Examples" source="x_snc_uib_examples">a0a606201b0f8510ce2b6579b04bcb65</sys_package>
        <sys_policy/>
        <sys_scope display_value="UIB Examples">a0a606201b0f8510ce2b6579b04bcb65</sys_scope>
        <sys_update_name>sys_ux_client_script_be09bfea1b7f0910ce2b6579b04bcb89</sys_update_name>
        <sys_updated_by>Marc.Mouries</sys_updated_by>
        <sys_updated_on>2022-06-03 18:38:15</sys_updated_on>
        <target>macroponent</target>
        <type>transform</type>
    </sys_ux_client_script>
</record_update>
