<?xml version="1.0" encoding="UTF-8"?><record_update table="sys_ux_event">
    <sys_ux_event action="INSERT_OR_UPDATE">
        <description/>
        <event_name>NAV_ITEM_SELECTED_RELAY_7f2a39737303101000699434c4f6a708</event_name>
        <interfaces/>
        <label>Nav Item Selected Relay (Home Default)</label>
        <props>[{"name":"route","fieldType":"string","interfaceApiName":"global.route","label":"Route type"},{"name":"fields","fieldType":"json","interfaceApiName":"global.route","label":"Route fields"},{"name":"params","fieldType":"json","interfaceApiName":"global.route","label":"Optionals parameters"},{"name":"redirect","fieldType":"boolean","interfaceApiName":null,"label":"If redirect is true, url will be redirected"},{"name":"passiveNavigation","fieldType":"boolean","interfaceApiName":null,"label":"Load in background"},{"name":"title","fieldType":"string","interfaceApiName":null,"label":"Title"},{"name":"multiInstField","fieldType":"string","interfaceApiName":null,"label":"Multi instance field"},{"name":"targetRoute","fieldType":"string","interfaceApiName":null,"label":"Sub navigation route "},{"name":"external","fieldType":"json","interfaceApiName":"global.route","label":"External URL object"}]</props>
        <required_translations/>
        <schema_version>1.0.0</schema_version>
        <sys_class_name>sys_ux_event</sys_class_name>
        <sys_created_by>Marc.Mouries</sys_created_by>
        <sys_created_on>2022-04-20 21:58:42</sys_created_on>
        <sys_id>4f178e202c0f8510d560a42416bd2a89</sys_id>
        <sys_mod_count>0</sys_mod_count>
        <sys_name>Nav Item Selected Relay (Home Default)</sys_name>
        <sys_package display_value="UIB Examples" source="x_snc_uib_examples">a0a606201b0f8510ce2b6579b04bcb65</sys_package>
        <sys_policy/>
        <sys_scope display_value="UIB Examples">a0a606201b0f8510ce2b6579b04bcb65</sys_scope>
        <sys_update_name>sys_ux_event_4f178e202c0f8510d560a42416bd2a89</sys_update_name>
        <sys_updated_by>Marc.Mouries</sys_updated_by>
        <sys_updated_on>2022-04-20 21:58:42</sys_updated_on>
    </sys_ux_event>
</record_update>
