<?xml version="1.0" encoding="UTF-8"?><record_update table="sys_ux_app_route">
    <sys_ux_app_route action="INSERT_OR_UPDATE">
        <app_config display_value="UIB Examples Config">87178e207f0f85104cd904285d5ebb8b</app_config>
        <description/>
        <extension_point/>
        <fields/>
        <icon/>
        <name>dashboard card</name>
        <optional_parameters/>
        <order>0</order>
        <parent_macroponent display_value="Workspace App Shell">c276387cc331101080d6d3658940ddd2</parent_macroponent>
        <parent_macroponent_composition_element_id/>
        <route_type>dashboard-card</route_type>
        <screen_type display_value="dashboard card">923c41591b034910b00dddf6b04bcbe9</screen_type>
        <sys_class_name>sys_ux_app_route</sys_class_name>
        <sys_created_by>Marc.Mouries</sys_created_by>
        <sys_created_on>2022-04-23 01:36:53</sys_created_on>
        <sys_id>ae3c09591b034910b00dddf6b04bcbfe</sys_id>
        <sys_mod_count>0</sys_mod_count>
        <sys_name>dashboard card</sys_name>
        <sys_package display_value="UIB Examples" source="x_snc_uib_examples">a0a606201b0f8510ce2b6579b04bcb65</sys_package>
        <sys_policy/>
        <sys_scope display_value="UIB Examples">a0a606201b0f8510ce2b6579b04bcb65</sys_scope>
        <sys_update_name>sys_ux_app_route_ae3c09591b034910b00dddf6b04bcbfe</sys_update_name>
        <sys_updated_by>Marc.Mouries</sys_updated_by>
        <sys_updated_on>2022-04-23 01:36:53</sys_updated_on>
    </sys_ux_app_route>
    <sys_translated_text action="delete_multiple" query="documentkey=ae3c09591b034910b00dddf6b04bcbfe"/>
</record_update>
