<?xml version="1.0" encoding="UTF-8"?><record_update sys_domain="global" table="sys_declarative_action_assignment">
    <sys_declarative_action_assignment action="INSERT_OR_UPDATE">
        <action/>
        <action_attributes/>
        <action_name/>
        <action_payload/>
        <action_type>type</action_type>
        <active>true</active>
        <button_type>primary</button_type>
        <client_action/>
        <client_conditions/>
        <client_conditions_on_fields/>
        <client_script><![CDATA[function onClick() { }]]></client_script>
        <confirmation_message/>
        <confirmation_required>false</confirmation_required>
        <create_access>false</create_access>
        <declarative_action_render_mode/>
        <declarative_action_type>server_script</declarative_action_type>
        <delete_access>false</delete_access>
        <dependency/>
        <description/>
        <design_icon/>
        <enabled>true</enabled>
        <experience_restricted>false</experience_restricted>
        <field_name/>
        <field_type>glide_date</field_type>
        <form_fields_required>false</form_fields_required>
        <form_position>action_bar</form_position>
        <group/>
        <group_by>false</group_by>
        <icon/>
        <label>Custom Action</label>
        <model display_value="Form">360935e9534723003eddddeeff7b127d</model>
        <model_conditions/>
        <model_field_required/>
        <order>0</order>
        <payload_map/>
        <read_access>false</read_access>
        <record_conditions/>
        <record_selection_required>false</record_selection_required>
        <required_roles/>
        <requires_value>false</requires_value>
        <script_condition/>
        <server_script/>
        <specificity>11</specificity>
        <sys_class_name>sys_declarative_action_assignment</sys_class_name>
        <sys_created_by>Marc.Mouries</sys_created_by>
        <sys_created_on>2022-06-14 17:27:53</sys_created_on>
        <sys_domain>global</sys_domain>
        <sys_domain_path>/</sys_domain_path>
        <sys_id>5f5890da1b841510b00dddf6b04bcbe7</sys_id>
        <sys_mod_count>0</sys_mod_count>
        <sys_name/>
        <sys_overrides/>
        <sys_package display_value="UIB Examples" source="x_snc_uib_examples">a0a606201b0f8510ce2b6579b04bcb65</sys_package>
        <sys_policy/>
        <sys_scope display_value="UIB Examples">a0a606201b0f8510ce2b6579b04bcb65</sys_scope>
        <sys_update_name>sys_declarative_action_assignment_5f5890da1b841510b00dddf6b04bcbe7</sys_update_name>
        <sys_updated_by>Marc.Mouries</sys_updated_by>
        <sys_updated_on>2022-06-14 17:27:53</sys_updated_on>
        <table>task</table>
        <tooltip/>
        <ui_component/>
        <view/>
        <workspace/>
        <write_access>false</write_access>
    </sys_declarative_action_assignment>
    <sys_translated_text action="delete_multiple" query="documentkey=5f5890da1b841510b00dddf6b04bcbe7"/>
</record_update>
