<?xml version="1.0" encoding="UTF-8"?><record_update table="sys_security_acl">
    <sys_security_acl action="INSERT_OR_UPDATE">
        <active>true</active>
        <admin_overrides>true</admin_overrides>
        <advanced>false</advanced>
        <condition/>
        <description/>
        <name>05ef73c81b33c910b00dddf6b04bcb99</name>
        <operation display_value="execute">execute</operation>
        <script/>
        <sys_class_name>sys_security_acl</sys_class_name>
        <sys_created_by>Marc.Mouries</sys_created_by>
        <sys_created_on>2022-05-27 01:03:13</sys_created_on>
        <sys_id>867940541b73c910b00dddf6b04bcb9d</sys_id>
        <sys_mod_count>2</sys_mod_count>
        <sys_name>05ef73c81b33c910b00dddf6b04bcb99</sys_name>
        <sys_package display_value="UIB Examples" source="x_snc_uib_examples">a0a606201b0f8510ce2b6579b04bcb65</sys_package>
        <sys_policy/>
        <sys_scope display_value="UIB Examples">a0a606201b0f8510ce2b6579b04bcb65</sys_scope>
        <sys_update_name>sys_security_acl_867940541b73c910b00dddf6b04bcb9d</sys_update_name>
        <sys_updated_by>Marc.Mouries</sys_updated_by>
        <sys_updated_on>2022-05-27 01:07:44</sys_updated_on>
        <type display_value="ux_data_broker">6d9c40e9531210101cb3ddeeff7b12f6</type>
    </sys_security_acl>
</record_update>
