<?xml version="1.0" encoding="UTF-8"?><record_update table="sys_ux_client_script">
    <sys_ux_client_script action="INSERT_OR_UPDATE">
        <includes/>
        <macroponent display_value="Record">f9e9f2bf1bf1d510b00dddf6b04bcbae</macroponent>
        <name>Hide Record Not Found</name>
        <preset/>
        <required_translations/>
        <script><![CDATA[/**
 * @param {params} params
 * @param {api} params.api
 * @param {any} params.event
 * @param {any} params.imports
 */
function handler({api, event, helpers, imports}) {
    const gFormData = api.data.gform.nowRecordFormBlob;
    // setting initial value to false
    api.setState('isValidRecord', false);
  
      if (gFormData) {
        const isValidRecord = gFormData.isValidRecord;
        const canReadRecord = gFormData.canReadRecord;
        
        api.setState('isValidRecord', isValidRecord && canReadRecord);
  
        const isNewRecord = gFormData.isNewRecord;
        api.setState('isNewRecord', isNewRecord);
  
        const hideRecordNotFound = isNewRecord || isValidRecord;
        api.setState('hideRecordNotFound', hideRecordNotFound);

        // Check for read access only when we don't show record not found message. 
        if (hideRecordNotFound) {
          const hideSecurityConstraints = isNewRecord || canReadRecord;
          api.setState('hideSecurityConstraints', hideSecurityConstraints);
        }
      }
  }]]></script>
        <script_api_version>2.0.0</script_api_version>
        <sys_class_name>sys_ux_client_script</sys_class_name>
        <sys_created_by>Marc.Mouries</sys_created_by>
        <sys_created_on>2022-09-14 20:53:34</sys_created_on>
        <sys_id>0ee9f2bf1bf1d510b00dddf6b04bcbce</sys_id>
        <sys_mod_count>0</sys_mod_count>
        <sys_name>Hide Record Not Found</sys_name>
        <sys_package display_value="UIB Examples" source="x_snc_uib_examples">a0a606201b0f8510ce2b6579b04bcb65</sys_package>
        <sys_policy/>
        <sys_scope display_value="UIB Examples">a0a606201b0f8510ce2b6579b04bcb65</sys_scope>
        <sys_update_name>sys_ux_client_script_0ee9f2bf1bf1d510b00dddf6b04bcbce</sys_update_name>
        <sys_updated_by>Marc.Mouries</sys_updated_by>
        <sys_updated_on>2022-09-14 20:53:34</sys_updated_on>
        <target>macroponent</target>
        <type>default</type>
    </sys_ux_client_script>
</record_update>
