<?xml version="1.0" encoding="UTF-8"?><record_update table="sys_ux_client_script">
    <sys_ux_client_script action="INSERT_OR_UPDATE">
        <includes/>
        <macroponent display_value="Record">f9e9f2bf1bf1d510b00dddf6b04bcbae</macroponent>
        <name>Launch Special Handling Notes</name>
        <preset/>
        <required_translations/>
        <script><![CDATA[async function handler({
    api,
    helpers,
    event,
    imports
}) {
   const {
    snHttp,
    modal,
    screen
} = helpers;

    var SHNOutput = api.data.get_special_handling_notes.output.data.GlideSHN_Query;
    var showModal = SHNOutput && SHNOutput.totalMsg > 0;

    if (api.state.specialHandlingNotesDisplayed)    return;

    if (showModal && api.context.props.screen.isActive) {
        api.emit('RECORD#OPEN_MODAL', {
            "route": "shn",
            "fields": {
                "confs": SHNOutput,
                "table": api.context.props.table,
                "sysId": api.context.props.sysId
            },
            "ariaLabel": await helpers.translate("Special handling notes")
        });
        api.setState("specialHandlingNotesDisplayed", true);
    }
}]]></script>
        <script_api_version>2.0.0</script_api_version>
        <sys_class_name>sys_ux_client_script</sys_class_name>
        <sys_created_by>Marc.Mouries</sys_created_by>
        <sys_created_on>2022-09-14 20:53:38</sys_created_on>
        <sys_id>c7e936bf1bf1d510b00dddf6b04bcbee</sys_id>
        <sys_mod_count>0</sys_mod_count>
        <sys_name>Launch Special Handling Notes</sys_name>
        <sys_package display_value="UIB Examples" source="x_snc_uib_examples">a0a606201b0f8510ce2b6579b04bcb65</sys_package>
        <sys_policy/>
        <sys_scope display_value="UIB Examples">a0a606201b0f8510ce2b6579b04bcb65</sys_scope>
        <sys_update_name>sys_ux_client_script_c7e936bf1bf1d510b00dddf6b04bcbee</sys_update_name>
        <sys_updated_by>Marc.Mouries</sys_updated_by>
        <sys_updated_on>2022-09-14 20:53:38</sys_updated_on>
        <target>macroponent</target>
        <type>default</type>
    </sys_ux_client_script>
</record_update>
