<?xml version="1.0" encoding="UTF-8"?><record_update table="sys_ux_client_script">
    <sys_ux_client_script action="INSERT_OR_UPDATE">
        <includes/>
        <macroponent display_value="Related records">df2a36ff1bf1d510b00dddf6b04bcb16</macroponent>
        <name>Call Search</name>
        <preset/>
        <required_translations/>
        <script><![CDATA[/**
 * @param {params} params
 * @param {api} params.api
 * @param {any} params.event
 * @param {any} params.imports
 */
function handler({
    api,
    event,
    helpers,
    imports
}) {
    api.setState("searchString", event.payload.fieldValue); //need to set value for clearing later
    if (!(api.data.fetch_related_record_defintions_1 && api.data.fetch_related_record_defintions_1.output))
        return;
    const oldFilter =
        api.data.fetch_related_record_defintions_1.output
        .find(element => element.id == api.state.selectedId)
        .filter;
    if (event.payload.fieldValue == '') {
        api.setState("selectedFilter", oldFilter);
        return;
    }
    api.setState("selectedFilter", oldFilter + "^123TEXTQUERY321=" + event.payload.fieldValue);
    return;
}]]></script>
        <script_api_version>2.0.0</script_api_version>
        <sys_class_name>sys_ux_client_script</sys_class_name>
        <sys_created_by>Marc.Mouries</sys_created_by>
        <sys_created_on>2022-09-14 20:54:45</sys_created_on>
        <sys_id>d32a36ff1bf1d510b00dddf6b04bcb2a</sys_id>
        <sys_mod_count>0</sys_mod_count>
        <sys_name>Call Search</sys_name>
        <sys_package display_value="UIB Examples" source="x_snc_uib_examples">a0a606201b0f8510ce2b6579b04bcb65</sys_package>
        <sys_policy/>
        <sys_scope display_value="UIB Examples">a0a606201b0f8510ce2b6579b04bcb65</sys_scope>
        <sys_update_name>sys_ux_client_script_d32a36ff1bf1d510b00dddf6b04bcb2a</sys_update_name>
        <sys_updated_by>Marc.Mouries</sys_updated_by>
        <sys_updated_on>2022-09-14 20:54:45</sys_updated_on>
        <target>macroponent</target>
        <type>default</type>
    </sys_ux_client_script>
</record_update>
