<?xml version="1.0" encoding="UTF-8"?><record_update table="sys_ux_data_broker_transform">
    <sys_ux_data_broker_transform action="INSERT_OR_UPDATE">
        <acl_failure_result/>
        <api_name>x_snc_uib_examples.test</api_name>
        <description/>
        <mutates_server_data>false</mutates_server_data>
        <name>test</name>
        <output_schema/>
        <private>false</private>
        <props/>
        <required_translations>[ ]</required_translations>
        <schema_version>1.0.0</schema_version>
        <script/>
        <sys_class_name>sys_ux_data_broker_transform</sys_class_name>
        <sys_created_by>Marc.Mouries</sys_created_by>
        <sys_created_on>2023-10-07 15:13:19</sys_created_on>
        <sys_id>8fd4bb2c47fd75505d6c8fd4f16d4342</sys_id>
        <sys_mod_count>0</sys_mod_count>
        <sys_name>test</sys_name>
        <sys_package display_value="UIB Examples" source="x_snc_uib_examples">a0a606201b0f8510ce2b6579b04bcb65</sys_package>
        <sys_policy/>
        <sys_scope display_value="UIB Examples">a0a606201b0f8510ce2b6579b04bcb65</sys_scope>
        <sys_update_name>sys_ux_data_broker_transform_8fd4bb2c47fd75505d6c8fd4f16d4342</sys_update_name>
        <sys_updated_by>Marc.Mouries</sys_updated_by>
        <sys_updated_on>2023-10-07 15:13:19</sys_updated_on>
    </sys_ux_data_broker_transform>
    <sys_translated_text action="delete_multiple" query="documentkey=8fd4bb2c47fd75505d6c8fd4f16d4342"/>
</record_update>
