<?xml version="1.0" encoding="UTF-8"?><record_update table="sys_security_acl">
    <sys_security_acl action="INSERT_OR_UPDATE">
        <active>true</active>
        <admin_overrides>true</admin_overrides>
        <advanced>false</advanced>
        <condition/>
        <description/>
        <local_or_existing>Local</local_or_existing>
        <name>edca0ce1476df1105d6c8fd4f16d4345</name>
        <operation display_value="execute">execute</operation>
        <script/>
        <security_attribute/>
        <sys_class_name>sys_security_acl</sys_class_name>
        <sys_created_by>Marc.Mouries</sys_created_by>
        <sys_created_on>2023-10-08 18:56:11</sys_created_on>
        <sys_id>3e72b87047b5b5505d6c8fd4f16d4313</sys_id>
        <sys_mod_count>2</sys_mod_count>
        <sys_name>edca0ce1476df1105d6c8fd4f16d4345</sys_name>
        <sys_package display_value="UIB Examples" source="x_snc_uib_examples">a0a606201b0f8510ce2b6579b04bcb65</sys_package>
        <sys_policy/>
        <sys_scope display_value="UIB Examples">a0a606201b0f8510ce2b6579b04bcb65</sys_scope>
        <sys_update_name>sys_security_acl_3e72b87047b5b5505d6c8fd4f16d4313</sys_update_name>
        <sys_updated_by>Marc.Mouries</sys_updated_by>
        <sys_updated_on>2023-10-08 19:06:30</sys_updated_on>
        <type display_value="ux_data_broker">6d9c40e9531210101cb3ddeeff7b12f6</type>
    </sys_security_acl>
</record_update>
