<?xml version="1.0" encoding="UTF-8"?><record_update table="sys_ux_app_route">
    <sys_ux_app_route action="INSERT_OR_UPDATE">
        <app_config display_value="UXR Workspace App Config">89153225530010107388ddeeff7b122f</app_config>
        <description/>
        <extension_point/>
        <fields/>
        <icon>document-outline</icon>
        <name>copy of record Template</name>
        <optional_parameters/>
        <order>0</order>
        <parent_macroponent display_value="Record">0e49fa3f1bf1d510b00dddf6b04bcb36</parent_macroponent>
        <parent_macroponent_composition_element_id>contextual_sidebar</parent_macroponent_composition_element_id>
        <route_type>template</route_type>
        <screen_type display_value="Template">6afa8e54c30220100f885076bb40dd9c</screen_type>
        <sys_class_name>sys_ux_app_route</sys_class_name>
        <sys_created_by>Marc.Mouries</sys_created_by>
        <sys_created_on>2022-09-14 20:50:59</sys_created_on>
        <sys_id>d059727f1bf1d510b00dddf6b04bcb8a</sys_id>
        <sys_mod_count>0</sys_mod_count>
        <sys_name>copy of record Template</sys_name>
        <sys_package display_value="UXR Demo" source="sn_uxr_demo">524a524870bc2010f877fc913f8b1e6e</sys_package>
        <sys_policy/>
        <sys_scope display_value="UIB Examples">a0a606201b0f8510ce2b6579b04bcb65</sys_scope>
        <sys_update_name>sys_ux_app_route_d059727f1bf1d510b00dddf6b04bcb8a</sys_update_name>
        <sys_updated_by>Marc.Mouries</sys_updated_by>
        <sys_updated_on>2022-09-14 20:50:59</sys_updated_on>
    </sys_ux_app_route>
    <sys_translated_text action="delete_multiple" query="documentkey=d059727f1bf1d510b00dddf6b04bcb8a"/>
</record_update>
