<?xml version="1.0" encoding="UTF-8"?><record_update sys_domain="global" table="sys_app_application">
    <sys_app_application action="INSERT_OR_UPDATE">
        <active>true</active>
        <category display_value="Custom Applications">e0355b31ef303000a61d5a3615c0fb78</category>
        <description/>
        <device_type>browser</device_type>
        <hint/>
        <name>uib example</name>
        <order>100</order>
        <roles>x_snc_uib_examples.example_user</roles>
        <sys_class_name>sys_app_application</sys_class_name>
        <sys_created_by>Marc.Mouries</sys_created_by>
        <sys_created_on>2022-12-18 14:27:17</sys_created_on>
        <sys_domain>global</sys_domain>
        <sys_domain_path>/</sys_domain_path>
        <sys_id>3d80be921bf35114b00dddf6b04bcbf0</sys_id>
        <sys_mod_count>0</sys_mod_count>
        <sys_name>uib example</sys_name>
        <sys_overrides/>
        <sys_package display_value="UIB Examples" source="x_snc_uib_examples">a0a606201b0f8510ce2b6579b04bcb65</sys_package>
        <sys_policy/>
        <sys_scope display_value="UIB Examples">a0a606201b0f8510ce2b6579b04bcb65</sys_scope>
        <sys_update_name>sys_app_application_3d80be921bf35114b00dddf6b04bcbf0</sys_update_name>
        <sys_updated_by>Marc.Mouries</sys_updated_by>
        <sys_updated_on>2022-12-18 14:27:17</sys_updated_on>
        <title>uib example</title>
        <view_name/>
    </sys_app_application>
</record_update>
