<?xml version="1.0" encoding="UTF-8"?><record_update sys_domain="global" table="sys_app_module">
    <sys_app_module action="INSERT_OR_UPDATE">
        <active>true</active>
        <application display_value="uib example">3d80be921bf35114b00dddf6b04bcbf0</application>
        <assessment/>
        <device_type/>
        <filter/>
        <hint/>
        <homepage/>
        <image/>
        <link_type>LIST</link_type>
        <map_page/>
        <mobile_title>Examples</mobile_title>
        <mobile_view_name>Mobile</mobile_view_name>
        <name>x_snc_uib_examples_example</name>
        <order/>
        <override_menu_roles>false</override_menu_roles>
        <query/>
        <report/>
        <roles>x_snc_uib_examples.example_user</roles>
        <sys_class_name>sys_app_module</sys_class_name>
        <sys_created_by>Marc.Mouries</sys_created_by>
        <sys_created_on>2022-12-18 14:27:17</sys_created_on>
        <sys_domain>global</sys_domain>
        <sys_domain_path>/</sys_domain_path>
        <sys_id>0e80be921bf35114b00dddf6b04bcbf4</sys_id>
        <sys_mod_count>0</sys_mod_count>
        <sys_name>Examples</sys_name>
        <sys_overrides/>
        <sys_package display_value="UIB Examples" source="x_snc_uib_examples">a0a606201b0f8510ce2b6579b04bcb65</sys_package>
        <sys_policy/>
        <sys_scope display_value="UIB Examples">a0a606201b0f8510ce2b6579b04bcb65</sys_scope>
        <sys_update_name>sys_app_module_0e80be921bf35114b00dddf6b04bcbf4</sys_update_name>
        <sys_updated_by>Marc.Mouries</sys_updated_by>
        <sys_updated_on>2022-12-18 14:27:17</sys_updated_on>
        <timeline_page/>
        <title>Examples</title>
        <uncancelable>false</uncancelable>
        <view_name/>
        <window_name/>
    </sys_app_module>
</record_update>
