<?xml version="1.0" encoding="UTF-8"?><record_update table="sys_scope_privilege">
    <sys_scope_privilege action="INSERT_OR_UPDATE">
        <operation>execute</operation>
        <source_scope display_value="UIB Examples">a0a606201b0f8510ce2b6579b04bcb65</source_scope>
        <status>allowed</status>
        <sys_class_name>sys_scope_privilege</sys_class_name>
        <sys_created_by>Marc.Mouries</sys_created_by>
        <sys_created_on>2023-10-07 14:59:44</sys_created_on>
        <sys_id>4ac1f3e447fd75505d6c8fd4f16d434b</sys_id>
        <sys_mod_count>0</sys_mod_count>
        <sys_name>GlideQuery</sys_name>
        <sys_package display_value="UIB Examples" source="x_snc_uib_examples">a0a606201b0f8510ce2b6579b04bcb65</sys_package>
        <sys_policy/>
        <sys_scope display_value="UIB Examples">a0a606201b0f8510ce2b6579b04bcb65</sys_scope>
        <sys_update_name>sys_scope_privilege_4ac1f3e447fd75505d6c8fd4f16d434b</sys_update_name>
        <sys_updated_by>Marc.Mouries</sys_updated_by>
        <sys_updated_on>2023-10-07 14:59:44</sys_updated_on>
        <target_name>GlideQuery</target_name>
        <target_scope display_value="Global">global</target_scope>
        <target_type>sys_script_include</target_type>
    </sys_scope_privilege>
</record_update>
