<?xml version="1.0" encoding="UTF-8"?><record_update table="sys_ux_client_script">
    <sys_ux_client_script action="INSERT_OR_UPDATE">
        <includes/>
        <macroponent display_value="radio button reset">254742601b0f8510ce2b6579b04bcbda</macroponent>
        <name>Reset choice selection</name>
        <preset/>
        <required_translations>[ ]</required_translations>
        <script><![CDATA[/**
 * @param {params} params
 * @param {api} params.api
 * @param {any} params.event
 * @param {any} params.imports
 * @param {ApiHelpers} params.helpers
 */
function handler({
    api,
    event,
    helpers,
    imports
}) {
    console.log("current selected option = " + api.state.my_choice);
    console.log(api.state.my_choice_optionList);

    // copy original radio optionList
    let copy_choice_optionList = [...api.state.my_choice_optionList];

    let new_choice_optionList = [{
        "id": "one",
        "label": "Option 1",
        checked: false
    }, {
        "id": "two",
        "label": "Option 2",
        checked: false
    }, {
        "id": "three",
        "label": "Option 3",
        checked: false
    }];

    // reset the input field
    api.setState('my_choice', null);

    // reset the list to its original value
    api.setState('my_choice_optionList', new_choice_optionList);

    console.log("END OF RESET");
}]]></script>
        <script_api_version>2.0.0</script_api_version>
        <sys_class_name>sys_ux_client_script</sys_class_name>
        <sys_created_by>Marc.Mouries</sys_created_by>
        <sys_created_on>2022-04-20 22:05:49</sys_created_on>
        <sys_id>dfb8caa01b0f8510ce2b6579b04bcbf6</sys_id>
        <sys_mod_count>41</sys_mod_count>
        <sys_name>Reset choice selection</sys_name>
        <sys_package display_value="UIB Examples" source="x_snc_uib_examples">a0a606201b0f8510ce2b6579b04bcb65</sys_package>
        <sys_policy/>
        <sys_scope display_value="UIB Examples">a0a606201b0f8510ce2b6579b04bcb65</sys_scope>
        <sys_update_name>sys_ux_client_script_dfb8caa01b0f8510ce2b6579b04bcbf6</sys_update_name>
        <sys_updated_by>matthew.baldini@snc</sys_updated_by>
        <sys_updated_on>2022-05-04 18:09:20</sys_updated_on>
        <target>macroponent</target>
        <type>default</type>
    </sys_ux_client_script>
</record_update>
