<?xml version="1.0" encoding="UTF-8"?><record_update table="sys_script_include">
    <sys_script_include action="INSERT_OR_UPDATE">
        <access>package_private</access>
        <active>true</active>
        <api_name>x_snc_uib_examples.workspaceStarterExpUtils</api_name>
        <caller_access/>
        <client_callable>false</client_callable>
        <description/>
        <name>workspaceStarterExpUtils</name>
        <script><![CDATA[var workspaceStarterExpUtils = Class.create();
workspaceStarterExpUtils.prototype = {
    initialize: function() {},

    checkContextualConfig: function(tableName) {

        //To check Agent assist is configured for current table on workspace

        var gr = new GlideRecord('cxs_table_config');
        gr.addQuery('table', '=', tableName);
        gr.addQuery('ui_type', '=', 'workspace');
        gr.query();
        if (gr.next()) {
            return true;
        } else {
            return false;
        }
    },
    type: 'workspaceStarterExpUtils'
};]]></script>
        <sys_class_name>sys_script_include</sys_class_name>
        <sys_created_by>Marc.Mouries</sys_created_by>
        <sys_created_on>2022-04-20 21:58:42</sys_created_on>
        <sys_id>0b178e20430f8510e848da437aa86d8b</sys_id>
        <sys_mod_count>0</sys_mod_count>
        <sys_name>workspaceStarterExpUtils</sys_name>
        <sys_package display_value="UIB Examples" source="x_snc_uib_examples">a0a606201b0f8510ce2b6579b04bcb65</sys_package>
        <sys_policy>read</sys_policy>
        <sys_scope display_value="UIB Examples">a0a606201b0f8510ce2b6579b04bcb65</sys_scope>
        <sys_update_name>sys_script_include_0b178e20430f8510e848da437aa86d8b</sys_update_name>
        <sys_updated_by>Marc.Mouries</sys_updated_by>
        <sys_updated_on>2022-04-20 21:58:42</sys_updated_on>
    </sys_script_include>
</record_update>
