<?xml version="1.0" encoding="UTF-8"?><record_update>
    <sys_ui_list parent="" relationship="" sys_domain="global" table="x_snc_uib_examples_example" version="2" view="">
        <sys_ui_list_element action="INSERT_OR_UPDATE">
            <average_value>false</average_value>
            <element>name</element>
            <list_id display_value="x_snc_uib_examples_example" element="NULL" name="x_snc_uib_examples_example" parent="NULL" relationship="NULL" sys_domain="global" view="Default view">6c330b7947a9b1105d6c8fd4f16d431a</list_id>
            <max_value>false</max_value>
            <min_value>false</min_value>
            <position>0</position>
            <sum>false</sum>
            <sys_created_by>Marc.Mouries</sys_created_by>
            <sys_created_on>2023-09-28 22:32:53</sys_created_on>
            <sys_id>68330b7947a9b1105d6c8fd4f16d431b</sys_id>
            <sys_mod_count>0</sys_mod_count>
            <sys_updated_by>Marc.Mouries</sys_updated_by>
            <sys_updated_on>2023-09-28 22:32:53</sys_updated_on>
        </sys_ui_list_element>
        <sys_ui_list_element action="INSERT_OR_UPDATE">
            <average_value>false</average_value>
            <element>description</element>
            <list_id display_value="x_snc_uib_examples_example" element="NULL" name="x_snc_uib_examples_example" parent="NULL" relationship="NULL" sys_domain="global" view="Default view">6c330b7947a9b1105d6c8fd4f16d431a</list_id>
            <max_value>false</max_value>
            <min_value>false</min_value>
            <position>1</position>
            <sum>false</sum>
            <sys_created_by>Marc.Mouries</sys_created_by>
            <sys_created_on>2023-09-28 22:32:53</sys_created_on>
            <sys_id>6c330b7947a9b1105d6c8fd4f16d431b</sys_id>
            <sys_mod_count>0</sys_mod_count>
            <sys_updated_by>Marc.Mouries</sys_updated_by>
            <sys_updated_on>2023-09-28 22:32:53</sys_updated_on>
        </sys_ui_list_element>
        <sys_ui_list_element action="INSERT_OR_UPDATE">
            <average_value>false</average_value>
            <element>description_html</element>
            <list_id display_value="x_snc_uib_examples_example" element="NULL" name="x_snc_uib_examples_example" parent="NULL" relationship="NULL" sys_domain="global" view="Default view">6c330b7947a9b1105d6c8fd4f16d431a</list_id>
            <max_value>false</max_value>
            <min_value>false</min_value>
            <position>2</position>
            <sum>false</sum>
            <sys_created_by>Marc.Mouries</sys_created_by>
            <sys_created_on>2023-09-28 22:32:53</sys_created_on>
            <sys_id>60330b7947a9b1105d6c8fd4f16d431c</sys_id>
            <sys_mod_count>0</sys_mod_count>
            <sys_updated_by>Marc.Mouries</sys_updated_by>
            <sys_updated_on>2023-09-28 22:32:53</sys_updated_on>
        </sys_ui_list_element>
        <sys_ui_list action="INSERT_OR_UPDATE">
            <average_value>false</average_value>
            <element/>
            <max_value>false</max_value>
            <min_value>false</min_value>
            <name>x_snc_uib_examples_example</name>
            <parent/>
            <position/>
            <relationship/>
            <sum>false</sum>
            <sys_class_name>sys_ui_list</sys_class_name>
            <sys_created_by>Marc.Mouries</sys_created_by>
            <sys_created_on>2023-09-28 22:32:53</sys_created_on>
            <sys_domain>global</sys_domain>
            <sys_domain_path>/</sys_domain_path>
            <sys_id>6c330b7947a9b1105d6c8fd4f16d431a</sys_id>
            <sys_mod_count>0</sys_mod_count>
            <sys_name>x_snc_uib_examples_example</sys_name>
            <sys_package display_value="UIB Examples" source="x_snc_uib_examples">a0a606201b0f8510ce2b6579b04bcb65</sys_package>
            <sys_policy/>
            <sys_scope display_value="UIB Examples">a0a606201b0f8510ce2b6579b04bcb65</sys_scope>
            <sys_update_name>sys_ui_list_x_snc_uib_examples_example_null</sys_update_name>
            <sys_updated_by>Marc.Mouries</sys_updated_by>
            <sys_updated_on>2023-09-28 22:32:53</sys_updated_on>
            <sys_user/>
            <view display_value="Default view" name="NULL">Default view</view>
            <view_name/>
        </sys_ui_list>
    </sys_ui_list>
</record_update>
