<?xml version="1.0" encoding="UTF-8"?><record_update sys_domain="global" table="sys_ui_action">
    <sys_ui_action action="INSERT_OR_UPDATE">
        <action_name/>
        <active>true</active>
        <client>false</client>
        <client_script_v2><![CDATA[function onClick(g_form) {

}]]></client_script_v2>
        <comments/>
        <condition/>
        <form_action>false</form_action>
        <form_button>false</form_button>
        <form_button_v2>false</form_button_v2>
        <form_context_menu>false</form_context_menu>
        <form_link>false</form_link>
        <form_menu_button_v2>false</form_menu_button_v2>
        <form_style/>
        <format_for_configurable_workspace>false</format_for_configurable_workspace>
        <hint/>
        <isolate_script>false</isolate_script>
        <list_action>true</list_action>
        <list_banner_button>false</list_banner_button>
        <list_button>false</list_button>
        <list_choice>false</list_choice>
        <list_context_menu>true</list_context_menu>
        <list_link>false</list_link>
        <list_save_with_form_button>false</list_save_with_form_button>
        <list_style/>
        <messages/>
        <name>My Custom Action</name>
        <onclick/>
        <order>100</order>
        <script/>
        <show_insert>true</show_insert>
        <show_multiple_update>false</show_multiple_update>
        <show_query>false</show_query>
        <show_update>true</show_update>
        <sys_class_name>sys_ui_action</sys_class_name>
        <sys_created_by>Marc.Mouries</sys_created_by>
        <sys_created_on>2022-06-14 17:18:45</sys_created_on>
        <sys_domain>global</sys_domain>
        <sys_domain_path>/</sys_domain_path>
        <sys_id>9106581a1b841510b00dddf6b04bcb39</sys_id>
        <sys_mod_count>1</sys_mod_count>
        <sys_name>My Custom Action</sys_name>
        <sys_overrides/>
        <sys_package display_value="UIB Examples" source="x_snc_uib_examples">a0a606201b0f8510ce2b6579b04bcb65</sys_package>
        <sys_policy/>
        <sys_scope display_value="UIB Examples">a0a606201b0f8510ce2b6579b04bcb65</sys_scope>
        <sys_update_name>sys_ui_action_9106581a1b841510b00dddf6b04bcb39</sys_update_name>
        <sys_updated_by>Marc.Mouries</sys_updated_by>
        <sys_updated_on>2022-06-14 17:22:06</sys_updated_on>
        <table>task</table>
        <ui11_compatible>true</ui11_compatible>
        <ui16_compatible>false</ui16_compatible>
    </sys_ui_action>
</record_update>
