<?xml version="1.0" encoding="UTF-8"?><record_update table="sys_ux_app_config">
    <sys_ux_app_config action="INSERT_OR_UPDATE">
        <active>true</active>
        <custom_icon/>
        <default_route_type/>
        <description/>
        <encode_query_string>false</encode_query_string>
        <icon/>
        <landing_path>home</landing_path>
        <name>uib - examples portal</name>
        <prefetch_limits/>
        <sys_class_name>sys_ux_app_config</sys_class_name>
        <sys_created_by>Marc.Mouries</sys_created_by>
        <sys_created_on>2022-05-07 15:39:48</sys_created_on>
        <sys_id>226314ca1b53c110ce2b6579b04bcb98</sys_id>
        <sys_mod_count>0</sys_mod_count>
        <sys_name>uib - examples portal</sys_name>
        <sys_package display_value="UIB Examples" source="x_snc_uib_examples">a0a606201b0f8510ce2b6579b04bcb65</sys_package>
        <sys_policy/>
        <sys_scope display_value="UIB Examples">a0a606201b0f8510ce2b6579b04bcb65</sys_scope>
        <sys_update_name>sys_ux_app_config_226314ca1b53c110ce2b6579b04bcb98</sys_update_name>
        <sys_updated_by>Marc.Mouries</sys_updated_by>
        <sys_updated_on>2022-05-07 15:39:48</sys_updated_on>
    </sys_ux_app_config>
    <sys_translated_text action="delete_multiple" query="documentkey=226314ca1b53c110ce2b6579b04bcb98"/>
</record_update>
