<?xml version="1.0" encoding="UTF-8"?><record_update table="sys_ux_app_route">
    <sys_ux_app_route action="INSERT_OR_UPDATE">
        <app_config display_value="UIB Examples Config">87178e207f0f85104cd904285d5ebb8b</app_config>
        <description/>
        <extension_point/>
        <fields/>
        <icon>circle-info-outline</icon>
        <name>copy of record Business process sidebar</name>
        <optional_parameters/>
        <order>-1</order>
        <parent_macroponent display_value="Record">f9e9f2bf1bf1d510b00dddf6b04bcbae</parent_macroponent>
        <parent_macroponent_composition_element_id>contextual_sidebar</parent_macroponent_composition_element_id>
        <route_type>infrastructure-relationships</route_type>
        <screen_type display_value="copy of record Business process sidebar">c63ab6ff1bf1d510b00dddf6b04bcbd5</screen_type>
        <sys_class_name>sys_ux_app_route</sys_class_name>
        <sys_created_by>Marc.Mouries</sys_created_by>
        <sys_created_on>2022-09-14 20:55:04</sys_created_on>
        <sys_id>884a3aff1bf1d510b00dddf6b04bcbac</sys_id>
        <sys_mod_count>0</sys_mod_count>
        <sys_name>copy of record Business process sidebar</sys_name>
        <sys_package display_value="UIB Examples" source="x_snc_uib_examples">a0a606201b0f8510ce2b6579b04bcb65</sys_package>
        <sys_policy/>
        <sys_scope display_value="UIB Examples">a0a606201b0f8510ce2b6579b04bcb65</sys_scope>
        <sys_update_name>sys_ux_app_route_884a3aff1bf1d510b00dddf6b04bcbac</sys_update_name>
        <sys_updated_by>Marc.Mouries</sys_updated_by>
        <sys_updated_on>2022-09-14 20:55:04</sys_updated_on>
    </sys_ux_app_route>
    <sys_translated_text action="delete_multiple" query="documentkey=884a3aff1bf1d510b00dddf6b04bcbac"/>
</record_update>
