<?xml version="1.0" encoding="UTF-8"?><record_update sys_domain="global" table="sys_ux_applicability">
    <sys_ux_applicability action="INSERT_OR_UPDATE">
        <active>true</active>
        <api_name>x_snc_uib_examples.Audience for app uib-examples</api_name>
        <description/>
        <name>Audience for app uib-examples</name>
        <roles>7fcaa702933002009c8579b4f47ffbde,97127b701b089110b00dddf6b04bcb73</roles>
        <sys_class_name>sys_ux_applicability</sys_class_name>
        <sys_created_by>Marc.Mouries</sys_created_by>
        <sys_created_on>2022-12-12 14:49:18</sys_created_on>
        <sys_domain>global</sys_domain>
        <sys_domain_path>/</sys_domain_path>
        <sys_id>ca0c3b5c1bfb91d0ce2b6579b04bcbdf</sys_id>
        <sys_mod_count>0</sys_mod_count>
        <sys_name>Audience for app uib-examples</sys_name>
        <sys_overrides/>
        <sys_package display_value="UIB Examples" source="x_snc_uib_examples">a0a606201b0f8510ce2b6579b04bcb65</sys_package>
        <sys_policy/>
        <sys_scope display_value="UIB Examples">a0a606201b0f8510ce2b6579b04bcb65</sys_scope>
        <sys_update_name>sys_ux_applicability_ca0c3b5c1bfb91d0ce2b6579b04bcbdf</sys_update_name>
        <sys_updated_by>Marc.Mouries</sys_updated_by>
        <sys_updated_on>2022-12-12 14:49:18</sys_updated_on>
    </sys_ux_applicability>
</record_update>
