<?xml version="1.0" encoding="UTF-8"?><record_update sys_domain="global" table="sys_ux_list_category">
    <sys_ux_list_category action="INSERT_OR_UPDATE">
        <active>true</active>
        <configuration display_value="UIB Examples_menu_config">6717ce201b0f8510ce2b6579b04bcb12</configuration>
        <description/>
        <order>100</order>
        <sys_class_name>sys_ux_list_category</sys_class_name>
        <sys_created_by>Marc.Mouries</sys_created_by>
        <sys_created_on>2022-04-20 21:58:44</sys_created_on>
        <sys_domain>global</sys_domain>
        <sys_domain_path>/</sys_domain_path>
        <sys_id>e717ce201b0f8510ce2b6579b04bcb14</sys_id>
        <sys_mod_count>0</sys_mod_count>
        <sys_name>Task</sys_name>
        <sys_overrides/>
        <sys_package display_value="UIB Examples" source="x_snc_uib_examples">a0a606201b0f8510ce2b6579b04bcb65</sys_package>
        <sys_policy/>
        <sys_scope display_value="UIB Examples">a0a606201b0f8510ce2b6579b04bcb65</sys_scope>
        <sys_update_name>sys_ux_list_category_e717ce201b0f8510ce2b6579b04bcb14</sys_update_name>
        <sys_updated_by>Marc.Mouries</sys_updated_by>
        <sys_updated_on>2022-04-20 21:58:44</sys_updated_on>
        <title>Task</title>
    </sys_ux_list_category>
</record_update>
