<?xml version="1.0" encoding="UTF-8"?><record_update table="sys_ux_client_script">
    <sys_ux_client_script action="INSERT_OR_UPDATE">
        <includes/>
        <macroponent display_value="Record">0e49fa3f1bf1d510b00dddf6b04bcb36</macroponent>
        <name>setActiveSidebarTab</name>
        <preset/>
        <required_translations>[ ]</required_translations>
        <script><![CDATA[/**
 * @param {params} params
 * @param {api} params.api
 * @param {any} params.event
 * @param {any} params.imports
 */
function handler({api, event, helpers, imports}) {
    const { name } = event.payload;
    const { sidebarActiveTab } = api.state;
    if (name != sidebarActiveTab) {
        api.setState("sidebarActiveTab", name);
    }
}]]></script>
        <script_api_version>2.0.0</script_api_version>
        <sys_class_name>sys_ux_client_script</sys_class_name>
        <sys_created_by>Marc.Mouries</sys_created_by>
        <sys_created_on>2022-09-14 20:50:53</sys_created_on>
        <sys_id>b249fe3f1bf1d510b00dddf6b04bcbd1</sys_id>
        <sys_mod_count>1</sys_mod_count>
        <sys_name>setActiveSidebarTab</sys_name>
        <sys_package display_value="UIB Examples" source="x_snc_uib_examples">a0a606201b0f8510ce2b6579b04bcb65</sys_package>
        <sys_policy/>
        <sys_scope display_value="UIB Examples">a0a606201b0f8510ce2b6579b04bcb65</sys_scope>
        <sys_update_name>sys_ux_client_script_b249fe3f1bf1d510b00dddf6b04bcbd1</sys_update_name>
        <sys_updated_by>Marc.Mouries</sys_updated_by>
        <sys_updated_on>2022-09-14 21:15:13</sys_updated_on>
        <target>macroponent</target>
        <type>default</type>
    </sys_ux_client_script>
</record_update>
