<?xml version="1.0" encoding="UTF-8"?><record_update table="sys_embedded_help_role">
    <sys_embedded_help_role action="INSERT_OR_UPDATE">
        <order>1000</order>
        <role display_value="x_snc_uib_examples.example_user" name="x_snc_uib_examples.example_user">3d80f6921bf35114b00dddf6b04bcb39</role>
        <sys_class_name>sys_embedded_help_role</sys_class_name>
        <sys_created_by>Marc.Mouries</sys_created_by>
        <sys_created_on>2022-12-18 14:27:16</sys_created_on>
        <sys_id>b580f6921bf35114b00dddf6b04bcb3c</sys_id>
        <sys_mod_count>0</sys_mod_count>
        <sys_name>3d80f6921bf35114b00dddf6b04bcb39</sys_name>
        <sys_package display_value="UIB Examples" source="x_snc_uib_examples">a0a606201b0f8510ce2b6579b04bcb65</sys_package>
        <sys_policy/>
        <sys_scope display_value="UIB Examples">a0a606201b0f8510ce2b6579b04bcb65</sys_scope>
        <sys_update_name>sys_embedded_help_role_b580f6921bf35114b00dddf6b04bcb3c</sys_update_name>
        <sys_updated_by>Marc.Mouries</sys_updated_by>
        <sys_updated_on>2022-12-18 14:27:16</sys_updated_on>
    </sys_embedded_help_role>
</record_update>
