<?xml version="1.0" encoding="UTF-8"?><record_update table="sys_ux_client_script">
    <sys_ux_client_script action="INSERT_OR_UPDATE">
        <includes/>
        <macroponent display_value="Record">0e49fa3f1bf1d510b00dddf6b04bcb36</macroponent>
        <name>Conditionally refresh special handing notes data broker</name>
        <preset/>
        <required_translations>[ ]</required_translations>
        <script><![CDATA[function handler({ api, event, helpers, imports }) {
    const { name } = event.payload;
    const SHNDisplayed = api.state.specialHandlingNotesDisplayed;
    const isActiveScreen = api.context.props.screen.isActive;
    
    //Not refresh Special Handing Notes data resource when it's displayed before or current screen is inactive
    if (SHNDisplayed || !isActiveScreen)
        return;
    

    if (name == 'activityLogs') {
        const activityLogsMap = api.context.props.activityLogs;
        if (activityLogsMap.size === 0)
            return;

        var activityEntries = Array.from(activityLogsMap.values());

        //Only fetch the lastest activity entry
        const activityEntry = activityEntries[activityEntries.length - 1];
        const activityArray = activityEntry.activities.get('crud');
        if (activityArray.length === 0)
            return;

        //Only fetch the lastest operation
        const { operation } = activityArray[activityArray.length - 1];
        if (operation === 'inserted' || operation === 'updated') {
            api.data.get_special_handling_notes.refresh();
        }
    }

    if (name == 'screen') {
        const { value, previousValue} = event.payload;
        //Refresh Special Handling Notes resource when switch focus on current screen(tab)
        if (value.isActive && !previousValue.isActive) {
            api.data.get_special_handling_notes.refresh();
        }
    }
}]]></script>
        <script_api_version>2.0.0</script_api_version>
        <sys_class_name>sys_ux_client_script</sys_class_name>
        <sys_created_by>Marc.Mouries</sys_created_by>
        <sys_created_on>2022-09-14 20:50:50</sys_created_on>
        <sys_id>4649fe3f1bf1d510b00dddf6b04bcb3d</sys_id>
        <sys_mod_count>1</sys_mod_count>
        <sys_name>Conditionally refresh special handing notes data broker</sys_name>
        <sys_package display_value="UIB Examples" source="x_snc_uib_examples">a0a606201b0f8510ce2b6579b04bcb65</sys_package>
        <sys_policy/>
        <sys_scope display_value="UIB Examples">a0a606201b0f8510ce2b6579b04bcb65</sys_scope>
        <sys_update_name>sys_ux_client_script_4649fe3f1bf1d510b00dddf6b04bcb3d</sys_update_name>
        <sys_updated_by>Marc.Mouries</sys_updated_by>
        <sys_updated_on>2022-09-14 21:15:09</sys_updated_on>
        <target>macroponent</target>
        <type>default</type>
    </sys_ux_client_script>
</record_update>
