<?xml version="1.0" encoding="UTF-8"?><record_update sys_domain="global" table="sys_ux_addon_event_mapping">
    <sys_ux_addon_event_mapping action="INSERT_OR_UPDATE">
        <active>true</active>
        <controller/>
        <description>Mapping Phone type regular to Open call event on the Record page.</description>
        <name>copy of record Record Open Phone Number (Regular)</name>
        <parent_macroponent display_value="Record">0e49fa3f1bf1d510b00dddf6b04bcb36</parent_macroponent>
        <source_component/>
        <source_da display_value="call_number">893e2043534310108135ddeeff7b12d4</source_da>
        <source_element_id>record_page_tabs_1</source_element_id>
        <sys_class_name>sys_ux_addon_event_mapping</sys_class_name>
        <sys_created_by>Marc.Mouries</sys_created_by>
        <sys_created_on>2022-09-14 20:50:58</sys_created_on>
        <sys_domain>global</sys_domain>
        <sys_domain_path>/</sys_domain_path>
        <sys_id>c459727f1bf1d510b00dddf6b04bcb1b</sys_id>
        <sys_mod_count>0</sys_mod_count>
        <sys_name>copy of record Record Open Phone Number (Regular)</sys_name>
        <sys_overrides/>
        <sys_package display_value="Common Page Templates" source="sn_uib_base_aw">4d3530700f3110107d20409dc4767e42</sys_package>
        <sys_policy/>
        <sys_scope display_value="UIB Examples">a0a606201b0f8510ce2b6579b04bcb65</sys_scope>
        <sys_update_name>sys_ux_addon_event_mapping_c459727f1bf1d510b00dddf6b04bcb1b</sys_update_name>
        <sys_updated_by>Marc.Mouries</sys_updated_by>
        <sys_updated_on>2022-09-14 20:50:58</sys_updated_on>
        <target_event display_value="[Record page] Open Call">48639d350fe310107d20409dc4767e87</target_event>
        <target_payload_mapping>{
    "type": "MAP_CONTAINER",
    "container": {
      "route": {
        "type": "JSON_LITERAL",
        "value": "cti"
      },
      "fields": {
        "type": "MAP_CONTAINER",
        "container": {
          "opened": {
            "type": "JSON_LITERAL",
            "value": true
          }
        }
      },
      "params": {
        "type": "MAP_CONTAINER",
        "container": {
          "number": {
            "type": "EVENT_PAYLOAD_BINDING",
            "binding": {
              "address": [
                "phoneNumber"
              ]
            }
          },
          "table": {
            "type": "EVENT_PAYLOAD_BINDING",
            "binding": {
              "address": [
                "table"
              ]
            }
          },        
          "sysId": {
            "type": "EVENT_PAYLOAD_BINDING",
            "binding": {
              "address": [
                "sysId"
              ]
            }
          },
          "source": {
              "type":"JSON_LITERAL",
              "value":"form_field"
          }
        }
      }
    }
  }</target_payload_mapping>
    </sys_ux_addon_event_mapping>
</record_update>
