<?xml version="1.0" encoding="UTF-8"?><record_update table="sys_ux_app_route">
    <sys_ux_app_route action="INSERT_OR_UPDATE">
        <app_config/>
        <description/>
        <extension_point/>
        <fields>table,sysId</fields>
        <icon/>
        <name>copy of record Taxonomy Topic Selection Modal</name>
        <optional_parameters/>
        <order>0</order>
        <parent_macroponent display_value="Record">0e49fa3f1bf1d510b00dddf6b04bcb36</parent_macroponent>
        <parent_macroponent_composition_element_id>modalContainerViewport</parent_macroponent_composition_element_id>
        <route_type>taxonomy-topic-selection</route_type>
        <screen_type display_value="Taxonomy Topic Selection Screen">529bbc9fc7622010fedf0bcbe2c2605c</screen_type>
        <sys_class_name>sys_ux_app_route</sys_class_name>
        <sys_created_by>Marc.Mouries</sys_created_by>
        <sys_created_on>2022-09-14 20:50:58</sys_created_on>
        <sys_id>0859727f1bf1d510b00dddf6b04bcb3e</sys_id>
        <sys_mod_count>0</sys_mod_count>
        <sys_name>copy of record Taxonomy Topic Selection Modal</sys_name>
        <sys_package display_value="Content Taxonomy" source="com.snc.taxonomy">90ec69261b123010b93654a2604bcb0e</sys_package>
        <sys_policy/>
        <sys_scope display_value="UIB Examples">a0a606201b0f8510ce2b6579b04bcb65</sys_scope>
        <sys_update_name>sys_ux_app_route_0859727f1bf1d510b00dddf6b04bcb3e</sys_update_name>
        <sys_updated_by>Marc.Mouries</sys_updated_by>
        <sys_updated_on>2022-09-14 20:50:58</sys_updated_on>
    </sys_ux_app_route>
    <sys_translated_text action="delete_multiple" query="documentkey=0859727f1bf1d510b00dddf6b04bcb3e"/>
</record_update>
