<?xml version="1.0" encoding="UTF-8"?><record_update table="sys_ux_app_route">
    <sys_ux_app_route action="INSERT_OR_UPDATE">
        <app_config display_value="uib - examples portal">226314ca1b53c110ce2b6579b04bcb98</app_config>
        <description/>
        <extension_point/>
        <fields/>
        <icon/>
        <name>iframe</name>
        <optional_parameters/>
        <order>0</order>
        <parent_macroponent display_value="UXR Base Experience Shell">76a83a645b122010b913030a1d81c780</parent_macroponent>
        <parent_macroponent_composition_element_id/>
        <route_type>iframe</route_type>
        <screen_type display_value="iframe">43a398ca1b53c110ce2b6579b04bcb08</screen_type>
        <sys_class_name>sys_ux_app_route</sys_class_name>
        <sys_created_by>Marc.Mouries</sys_created_by>
        <sys_created_on>2022-05-07 15:40:56</sys_created_on>
        <sys_id>4ba398ca1b53c110ce2b6579b04bcb11</sys_id>
        <sys_mod_count>0</sys_mod_count>
        <sys_name>iframe</sys_name>
        <sys_package display_value="UIB Examples" source="x_snc_uib_examples">a0a606201b0f8510ce2b6579b04bcb65</sys_package>
        <sys_policy/>
        <sys_scope display_value="UIB Examples">a0a606201b0f8510ce2b6579b04bcb65</sys_scope>
        <sys_update_name>sys_ux_app_route_4ba398ca1b53c110ce2b6579b04bcb11</sys_update_name>
        <sys_updated_by>Marc.Mouries</sys_updated_by>
        <sys_updated_on>2022-05-07 15:40:56</sys_updated_on>
    </sys_ux_app_route>
    <sys_translated_text action="delete_multiple" query="documentkey=4ba398ca1b53c110ce2b6579b04bcb11"/>
</record_update>
